RULE_ID,RULE_TYPE,CONFIG_ID,DATABASE_NAME,SCHEMA_NAME,TABLE_NAME,COLUMN_NAME,RULE_EXPRESSION,THRESHOLD,SEVERITY,TOTAL_RECORD_COUNT,FAILED_RECORD_COUNT,PASSED_RECORD_COUNT,FAILURE_PERCENTAGE,RULE_STATUS,IS_THRESHOLD_BREACHED,START_TIME,END_TIME,EXECUTION_DURATION_SEC,QUERY_ID,WAREHOUSE_NAME,SOURCE_TYPE,SOURCE_LOCATION,FAILED_SAMPLE_DATA,ERROR_MESSAGE,IS_ACTIVE,EXECUTED_BY,EXECUTION_MODE,CREATED_TIMESTAMP,UPDATED_TIMESTAMP
DQ_001,NOT_NULL_CHECK,CF_001,UDX_CORE,UDX_MAXIMO,ITEM,ITEM_NUMBER,ITEM_NUMBER IS NOT NULL,0.0,HIGH,250240,0,250240,0.0,PASS,False,2026-08-13 10:09:34.159351,2026-08-13 10:09:34.562858,0,01c65ad7-0620-d3a9-0054-6203140fce2a,MAXIMO_DEV_WH,SNOWFLAKE,UDX_CORE.UDX_MAXIMO.ITEM,[],,True,DQ_TOOL,BATCH,2026-08-13 10:09:34.562858,2026-08-13 10:09:34.562858
DQ_002,UNIQUE_CHECK,CF_002,UDX_CORE,UDX_MAXIMO,ITEM,"ITEM_SET_ID,ITEM_ID","Duplicate Check Across ['ITEM_SET_ID', 'ITEM_ID']",0.0,HIGH,250240,0,250240,0.0,PASS,False,2026-08-13 10:09:34.936188,2026-08-13 10:09:35.639651,0,01c65ad7-0620-cee2-0054-6203140fda92,MAXIMO_DEV_WH,SNOWFLAKE,UDX_CORE.UDX_MAXIMO.ITEM,[],,True,DQ_TOOL,BATCH,2026-08-13 10:09:35.639651,2026-08-13 10:09:35.639651
DQ_001,NOT_NULL_CHECK,CF_003,UDX_CORE,UDX_MAXIMO,ITEM,ITEM_DESCRIPTION,ITEM_DESCRIPTION IS NOT NULL,0.0,HIGH,250240,638,249602,0.002549552429667519,FAIL,True,2026-08-13 10:09:36.028697,2026-08-13 10:09:36.393876,0,01c65ad7-0620-cee2-0054-6203140fda96,MAXIMO_DEV_WH,SNOWFLAKE,UDX_CORE.UDX_MAXIMO.ITEM,"[{""SOURCE_ID"": 4356295415460728416, ""FILE_ID"": 8061665885463209006, ""RECORD_ID"": 4, ""ITEM_NUMBER"": ""TE1007030"", ""ITEM_DESCRIPTION"": null, ""ROTATING_FLAG"": 0, ""LOT_TYPE"": ""NOLOT"", ""CAPITALIZED_FLAG"": 0, ""MATERIAL_SAFETY_DATA_SHEET_NUMBER"": null, ""OUTSIDE_FLAG"": 0, ""SAP_MATERIAL_NUMBER"": null, ""MANUFACTURING_DRAWING_NUMBER"": null, ""EXTRA_FIELD_21_TEXT"": null, ""DISPOSITION_DATE_TIME"": null, ""DISPOSITION_DATE_TIME_GMT"": null, ""BRANDONS_NUMBER"": null, ""ADD_AS_SPARE_PART_FLAG"": 1, ""CLASS_STRUCTURE_ID"": null, ""INSPECT_ON_RECEIPT_FLAG"": 0, ""SOURCE_SYSTEM_ID"": null, ""OWNER_SYSTEM_ID"": null, ""EXTERNAL_REFERENCE_ID"": null, ""UNIVERSAL_PART_NUMBER"": null, ""MACHINED_TEXT"": ""0"", ""EXTRA_FIELD_26_TEXT"": ""0"", ""EXTRA_FIELD_27_TEXT"": null, ""SENDER_SYSTEM_ID"": null, ""ITEM_SET_ID"": ""ITEM1"", ""ORDER_UNIT_ID"": ""EACH"", ""ISSUE_UNIT_ID"": ""EACH"", ""CONDITION_ENABLED_FLAG"": 0, ""METER_GROUP_NAME"": null, ""METER_NAME"": null, ""COMMODITY_GROUP_NAME"": ""STOCK"", ""COMMODITY_CODE"": ""STK"", ""ITEM_TYPE"": ""ITEM"", ""PRORATE_SERVICE_FLAG"": 0, ""ITEM_ID"": 256731, ""KIT_FLAG"": 0, ""LANGUAGE_CODE"": ""EN"", ""ATTACH_ASSET_ISSUE_FLAG"": 0, ""HAS_LONG_DESCRIPTION_FLAG"": 0, ""MAXIMUM_QUANTITY_ISSUED_COUNT"": null, ""STATUS_CODE"": ""ACTIVE"", ""STATUS_DATE_TIME"": ""2026-07-08 21:23:57.319000-04:00"", ""STATUS_DATE_TIME_GMT"": ""2026-07-08 21:23:57.319000-04:00"", ""REQUIRES_HARD_RESERVATION_FLAG"": 0, ""TAX_EXEMPT_FLAG"": 0, ""RECEIPT_TOLERANCE_NUMBER"": null, ""INTERNAL_CALIBRATION_FLAG"": 0, ""IS_MANDTE_FLAG"": 0, ""MTE_CLASSIFICATION_TEXT"": null, ""BUFFER_SOLUTION_FLAG"": 0, ""IS_CREW_FLAG"": 0, ""STOCK_TYPE"": null, ""PO_QR_CODE"": null, ""VOC_FLAG"": 0, ""DISCONTINUED_FLAG"": 0, ""EXTRA_FIELD_1_TEXT"": null, ""EXTRA_FIELD_10_TEXT"": null, ""EXTRA_FIELD_11_TEXT"": null, ""EXTRA_FIELD_12_TEXT"": null, ""EXTRA_FIELD_13_TEXT"": null, ""EXTRA_FIELD_14_TEXT"": null, ""EXTRA_FIELD_16_TEXT"": null, ""EXTRA_FIELD_18_TEXT"": null, ""EXTRA_FIELD_2_TEXT"": null, ""EXTRA_FIELD_3_TEXT"": null, ""EXTRA_FIELD_4_TEXT"": null, ""EXTRA_FIELD_5_TEXT"": null, ""EXTRA_FIELD_6_TEXT"": null, ""EXTRA_FIELD_7_TEXT"": null, ""EXTRA_FIELD_8_TEXT"": null, ""EXTRA_FIELD_9_TEXT"": null, ""UDX_PART_NUMBER"": null, ""VOLATILE_ORGANIC_COMPOUND_FLAG"": 0, ""UO_ATS_ABC_TYPE"": null, ""UO_ATS_CATALOG_CODE"": null, ""CATEGORY_STOCK_CODE"": null, ""UO_ATS_DELIVERYTIME_FLAG"": null, ""UO_ATS_MANUFACTURER_TEXT"": null, ""UO_ATS_MINLEVEL_NUMBER"": null, ""UO_ATS_MODEL_NUMBER"": null, ""UO_ATS_ORDER_QUANTITY_COUNT"": null, ""UO_ATS_REQUIRE_TYPE"": null, ""UO_ATS_SAFETY_STOCK_NUMBER"": null, ""UO_ATS_STORE_ROOM_TEXT"": null, ""UO_ATS_UNIT_COST_AMOUNT"": null, ""UO_ATS_VENDOR_NAME"": null, ""UO_ATS_WORK_TYPE"": null, ""ITEM_DISPOSITION_DATE"": null, ""INSPECTION_TYPE"": null, ""MACHINED_FLAG"": 0, ""REG_TYPE"": null, ""SOLE_SOURCED_FLAG"": 0, ""ROWSTAMP_ID"": 4573552912, ""LOAD_DATE_TIME"": ""2026-08-12 09:02:37.375000-04:00"", ""LOAD_DATE_TIME_GMT"": ""2026-08-12 13:02:37.375000+00:00"", ""RECORD_END_DATE_TIME"": null}, {""SOURCE_ID"": 4356295415460728416, ""FILE_ID"": 8061665885463209006, ""RECORD_ID"": 5, ""ITEM_NUMBER"": ""TE1007031"", ""ITEM_DESCRIPTION"": null, ""ROTATING_FLAG"": 0, ""LOT_TYPE"": ""NOLOT"", ""CAPITALIZED_FLAG"": 0, ""MATERIAL_SAFETY_DATA_SHEET_NUMBER"": null, ""OUTSIDE_FLAG"": 0, ""SAP_MATERIAL_NUMBER"": null, ""MANUFACTURING_DRAWING_NUMBER"": null, ""EXTRA_FIELD_21_TEXT"": null, ""DISPOSITION_DATE_TIME"": null, ""DISPOSITION_DATE_TIME_GMT"": null, ""BRANDONS_NUMBER"": null, ""ADD_AS_SPARE_PART_FLAG"": 1, ""CLASS_STRUCTURE_ID"": null, ""INSPECT_ON_RECEIPT_FLAG"": 0, ""SOURCE_SYSTEM_ID"": null, ""OWNER_SYSTEM_ID"": null, ""EXTERNAL_REFERENCE_ID"": null, ""UNIVERSAL_PART_NUMBER"": null, ""MACHINED_TEXT"": ""0"", ""EXTRA_FIELD_26_TEXT"": ""0"", ""EXTRA_FIELD_27_TEXT"": null, ""SENDER_SYSTEM_ID"": null, ""ITEM_SET_ID"": ""ITEM1"", ""ORDER_UNIT_ID"": ""EACH"", ""ISSUE_UNIT_ID"": ""EACH"", ""CONDITION_ENABLED_FLAG"": 0, ""METER_GROUP_NAME"": null, ""METER_NAME"": null, ""COMMODITY_GROUP_NAME"": ""STOCK"", ""COMMODITY_CODE"": ""STK"", ""ITEM_TYPE"": ""ITEM"", ""PRORATE_SERVICE_FLAG"": 0, ""ITEM_ID"": 256732, ""KIT_FLAG"": 0, ""LANGUAGE_CODE"": ""EN"", ""ATTACH_ASSET_ISSUE_FLAG"": 0, ""HAS_LONG_DESCRIPTION_FLAG"": 0, ""MAXIMUM_QUANTITY_ISSUED_COUNT"": null, ""STATUS_CODE"": ""ACTIVE"", ""STATUS_DATE_TIME"": ""2026-07-08 22:08:20.379000-04:00"", ""STATUS_DATE_TIME_GMT"": ""2026-07-08 22:08:20.379000-04:00"", ""REQUIRES_HARD_RESERVATION_FLAG"": 0, ""TAX_EXEMPT_FLAG"": 0, ""RECEIPT_TOLERANCE_NUMBER"": null, ""INTERNAL_CALIBRATION_FLAG"": 0, ""IS_MANDTE_FLAG"": 0, ""MTE_CLASSIFICATION_TEXT"": null, ""BUFFER_SOLUTION_FLAG"": 0, ""IS_CREW_FLAG"": 0, ""STOCK_TYPE"": ""SAF"", ""PO_QR_CODE"": null, ""VOC_FLAG"": 0, ""DISCONTINUED_FLAG"": 0, ""EXTRA_FIELD_1_TEXT"": null, ""EXTRA_FIELD_10_TEXT"": null, ""EXTRA_FIELD_11_TEXT"": null, ""EXTRA_FIELD_12_TEXT"": null, ""EXTRA_FIELD_13_TEXT"": null, ""EXTRA_FIELD_14_TEXT"": null, ""EXTRA_FIELD_16_TEXT"": null, ""EXTRA_FIELD_18_TEXT"": null, ""EXTRA_FIELD_2_TEXT"": null, ""EXTRA_FIELD_3_TEXT"": null, ""EXTRA_FIELD_4_TEXT"": null, ""EXTRA_FIELD_5_TEXT"": null, ""EXTRA_FIELD_6_TEXT"": null, ""EXTRA_FIELD_7_TEXT"": null, ""EXTRA_FIELD_8_TEXT"": null, ""EXTRA_FIELD_9_TEXT"": null, ""UDX_PART_NUMBER"": null, ""VOLATILE_ORGANIC_COMPOUND_FLAG"": 0, ""UO_ATS_ABC_TYPE"": null, ""UO_ATS_CATALOG_CODE"": null, ""CATEGORY_STOCK_CODE"": null, ""UO_ATS_DELIVERYTIME_FLAG"": null, ""UO_ATS_MANUFACTURER_TEXT"": null, ""UO_ATS_MINLEVEL_NUMBER"": null, ""UO_ATS_MODEL_NUMBER"": null, ""UO_ATS_ORDER_QUANTITY_COUNT"": null, ""UO_ATS_REQUIRE_TYPE"": null, ""UO_ATS_SAFETY_STOCK_NUMBER"": null, ""UO_ATS_STORE_ROOM_TEXT"": null, ""UO_ATS_UNIT_COST_AMOUNT"": null, ""UO_ATS_VENDOR_NAME"": null, ""UO_ATS_WORK_TYPE"": null, ""ITEM_DISPOSITION_DATE"": null, ""INSPECTION_TYPE"": null, ""MACHINED_FLAG"": 0, ""REG_TYPE"": null, ""SOLE_SOURCED_FLAG"": 0, ""ROWSTAMP_ID"": 4573554764, ""LOAD_DATE_TIME"": ""2026-08-12 09:02:37.375000-04:00"", ""LOAD_DATE_TIME_GMT"": ""2026-08-12 13:02:37.375000+00:00"", ""RECORD_END_DATE_TIME"": null}, {""SOURCE_ID"": 4356295415460728416, ""FILE_ID"": 8061665885463209006, ""RECORD_ID"": 46, ""ITEM_NUMBER"": ""1115"", ""ITEM_DESCRIPTION"": null, ""ROTATING_FLAG"": 0, ""LOT_TYPE"": ""NOLOT"", ""CAPITALIZED_FLAG"": 0, ""MATERIAL_SAFETY_DATA_SHEET_NUMBER"": null, ""OUTSIDE_FLAG"": 0, ""SAP_MATERIAL_NUMBER"": null, ""MANUFACTURING_DRAWING_NUMBER"": null, ""EXTRA_FIELD_21_TEXT"": null, ""DISPOSITION_DATE_TIME"": null, ""DISPOSITION_DATE_TIME_GMT"": null, ""BRANDONS_NUMBER"": null, ""ADD_AS_SPARE_PART_FLAG"": 1, ""CLASS_STRUCTURE_ID"": null, ""INSPECT_ON_RECEIPT_FLAG"": 0, ""SOURCE_SYSTEM_ID"": null, ""OWNER_SYSTEM_ID"": null, ""EXTERNAL_REFERENCE_ID"": null, ""UNIVERSAL_PART_NUMBER"": null, ""MACHINED_TEXT"": ""0"", ""EXTRA_FIELD_26_TEXT"": ""0"", ""EXTRA_FIELD_27_TEXT"": null, ""SENDER_SYSTEM_ID"": ""UDX_USH_EXTSYS1"", ""ITEM_SET_ID"": ""ITEM1"", ""ORDER_UNIT_ID"": null, ""ISSUE_UNIT_ID"": null, ""CONDITION_ENABLED_FLAG"": 0, ""METER_GROUP_NAME"": null, ""METER_NAME"": null, ""COMMODITY_GROUP_NAME"": ""STOCK"", ""COMMODITY_CODE"": ""STK"", ""ITEM_TYPE"": ""ITEM"", ""PRORATE_SERVICE_FLAG"": 0, ""ITEM_ID"": 70, ""KIT_FLAG"": 0, ""LANGUAGE_CODE"": ""EN"", ""ATTACH_ASSET_ISSUE_FLAG"": 0, ""HAS_LONG_DESCRIPTION_FLAG"": 0, ""MAXIMUM_QUANTITY_ISSUED_COUNT"": null, ""STATUS_CODE"": ""OBSOLETE"", ""STATUS_DATE_TIME"": ""2025-05-08 11:41:03.310000-04:00"", ""STATUS_DATE_TIME_GMT"": ""2025-05-08 11:41:03.310000-04:00"", ""REQUIRES_HARD_RESERVATION_FLAG"": 0, ""TAX_EXEMPT_FLAG"": 0, ""RECEIPT_TOLERANCE_NUMBER"": null, ""INTERNAL_CALIBRATION_FLAG"": 0, ""IS_MANDTE_FLAG"": 0, ""MTE_CLASSIFICATION_TEXT"": null, ""BUFFER_SOLUTION_FLAG"": 0, ""IS_CREW_FLAG"": 0, ""STOCK_TYPE"": null, ""PO_QR_CODE"": null, ""VOC_FLAG"": 0, ""DISCONTINUED_FLAG"": 0, ""EXTRA_FIELD_1_TEXT"": null, ""EXTRA_FIELD_10_TEXT"": null, ""EXTRA_FIELD_11_TEXT"": null, ""EXTRA_FIELD_12_TEXT"": null, ""EXTRA_FIELD_13_TEXT"": null, ""EXTRA_FIELD_14_TEXT"": null, ""EXTRA_FIELD_16_TEXT"": null, ""EXTRA_FIELD_18_TEXT"": null, ""EXTRA_FIELD_2_TEXT"": null, ""EXTRA_FIELD_3_TEXT"": null, ""EXTRA_FIELD_4_TEXT"": null, ""EXTRA_FIELD_5_TEXT"": null, ""EXTRA_FIELD_6_TEXT"": null, ""EXTRA_FIELD_7_TEXT"": null, ""EXTRA_FIELD_8_TEXT"": null, ""EXTRA_FIELD_9_TEXT"": null, ""UDX_PART_NUMBER"": null, ""VOLATILE_ORGANIC_COMPOUND_FLAG"": 0, ""UO_ATS_ABC_TYPE"": null, ""UO_ATS_CATALOG_CODE"": null, ""CATEGORY_STOCK_CODE"": null, ""UO_ATS_DELIVERYTIME_FLAG"": null, ""UO_ATS_MANUFACTURER_TEXT"": null, ""UO_ATS_MINLEVEL_NUMBER"": null, ""UO_ATS_MODEL_NUMBER"": null, ""UO_ATS_ORDER_QUANTITY_COUNT"": null, ""UO_ATS_REQUIRE_TYPE"": null, ""UO_ATS_SAFETY_STOCK_NUMBER"": null, ""UO_ATS_STORE_ROOM_TEXT"": null, ""UO_ATS_UNIT_COST_AMOUNT"": null, ""UO_ATS_VENDOR_NAME"": null, ""UO_ATS_WORK_TYPE"": null, ""ITEM_DISPOSITION_DATE"": null, ""INSPECTION_TYPE"": null, ""MACHINED_FLAG"": 0, ""REG_TYPE"": null, ""SOLE_SOURCED_FLAG"": 0, ""ROWSTAMP_ID"": 656509173, ""LOAD_DATE_TIME"": ""2026-08-12 09:02:37.375000-04:00"", ""LOAD_DATE_TIME_GMT"": ""2026-08-12 13:02:37.375000+00:00"", ""RECORD_END_DATE_TIME"": null}, {""SOURCE_ID"": 4356295415460728416, ""FILE_ID"": 8061665885463209006, ""RECORD_ID"": 175, ""ITEM_NUMBER"": ""1319"", ""ITEM_DESCRIPTION"": null, ""ROTATING_FLAG"": 0, ""LOT_TYPE"": ""NOLOT"", ""CAPITALIZED_FLAG"": 0, ""MATERIAL_SAFETY_DATA_SHEET_NUMBER"": null, ""OUTSIDE_FLAG"": 0, ""SAP_MATERIAL_NUMBER"": null, ""MANUFACTURING_DRAWING_NUMBER"": null, ""EXTRA_FIELD_21_TEXT"": null, ""DISPOSITION_DATE_TIME"": null, ""DISPOSITION_DATE_TIME_GMT"": null, ""BRANDONS_NUMBER"": null, ""ADD_AS_SPARE_PART_FLAG"": 1, ""CLASS_STRUCTURE_ID"": null, ""INSPECT_ON_RECEIPT_FLAG"": 0, ""SOURCE_SYSTEM_ID"": null, ""OWNER_SYSTEM_ID"": null, ""EXTERNAL_REFERENCE_ID"": null, ""UNIVERSAL_PART_NUMBER"": null, ""MACHINED_TEXT"": ""0"", ""EXTRA_FIELD_26_TEXT"": ""0"", ""EXTRA_FIELD_27_TEXT"": null, ""SENDER_SYSTEM_ID"": ""UDX_USH_EXTSYS1"", ""ITEM_SET_ID"": ""ITEM1"", ""ORDER_UNIT_ID"": null, ""ISSUE_UNIT_ID"": null, ""CONDITION_ENABLED_FLAG"": 0, ""METER_GROUP_NAME"": null, ""METER_NAME"": null, ""COMMODITY_GROUP_NAME"": ""STOCK"", ""COMMODITY_CODE"": ""STK"", ""ITEM_TYPE"": ""ITEM"", ""PRORATE_SERVICE_FLAG"": 0, ""ITEM_ID"": 185, ""KIT_FLAG"": 0, ""LANGUAGE_CODE"": ""EN"", ""ATTACH_ASSET_ISSUE_FLAG"": 0, ""HAS_LONG_DESCRIPTION_FLAG"": 0, ""MAXIMUM_QUANTITY_ISSUED_COUNT"": null, ""STATUS_CODE"": ""OBSOLETE"", ""STATUS_DATE_TIME"": ""2025-05-12 19:31:40.470000-04:00"", ""STATUS_DATE_TIME_GMT"": ""2025-05-12 19:31:40.470000-04:00"", ""REQUIRES_HARD_RESERVATION_FLAG"": 0, ""TAX_EXEMPT_FLAG"": 0, ""RECEIPT_TOLERANCE_NUMBER"": null, ""INTERNAL_CALIBRATION_FLAG"": 0, ""IS_MANDTE_FLAG"": 0, ""MTE_CLASSIFICATION_TEXT"": null, ""BUFFER_SOLUTION_FLAG"": 0, ""IS_CREW_FLAG"": 0, ""STOCK_TYPE"": null, ""PO_QR_CODE"": null, ""VOC_FLAG"": 0, ""DISCONTINUED_FLAG"": 0, ""EXTRA_FIELD_1_TEXT"": null, ""EXTRA_FIELD_10_TEXT"": null, ""EXTRA_FIELD_11_TEXT"": null, ""EXTRA_FIELD_12_TEXT"": null, ""EXTRA_FIELD_13_TEXT"": null, ""EXTRA_FIELD_14_TEXT"": null, ""EXTRA_FIELD_16_TEXT"": null, ""EXTRA_FIELD_18_TEXT"": null, ""EXTRA_FIELD_2_TEXT"": null, ""EXTRA_FIELD_3_TEXT"": null, ""EXTRA_FIELD_4_TEXT"": null, ""EXTRA_FIELD_5_TEXT"": null, ""EXTRA_FIELD_6_TEXT"": null, ""EXTRA_FIELD_7_TEXT"": null, ""EXTRA_FIELD_8_TEXT"": null, ""EXTRA_FIELD_9_TEXT"": null, ""UDX_PART_NUMBER"": null, ""VOLATILE_ORGANIC_COMPOUND_FLAG"": 0, ""UO_ATS_ABC_TYPE"": null, ""UO_ATS_CATALOG_CODE"": null, ""CATEGORY_STOCK_CODE"": null, ""UO_ATS_DELIVERYTIME_FLAG"": null, ""UO_ATS_MANUFACTURER_TEXT"": null, ""UO_ATS_MINLEVEL_NUMBER"": null, ""UO_ATS_MODEL_NUMBER"": null, ""UO_ATS_ORDER_QUANTITY_COUNT"": null, ""UO_ATS_REQUIRE_TYPE"": null, ""UO_ATS_SAFETY_STOCK_NUMBER"": null, ""UO_ATS_STORE_ROOM_TEXT"": null, ""UO_ATS_UNIT_COST_AMOUNT"": null, ""UO_ATS_VENDOR_NAME"": null, ""UO_ATS_WORK_TYPE"": null, ""ITEM_DISPOSITION_DATE"": null, ""INSPECTION_TYPE"": null, ""MACHINED_FLAG"": 0, ""REG_TYPE"": null, ""SOLE_SOURCED_FLAG"": 0, ""ROWSTAMP_ID"": 656509302, ""LOAD_DATE_TIME"": ""2026-08-12 09:02:37.375000-04:00"", ""LOAD_DATE_TIME_GMT"": ""2026-08-12 13:02:37.375000+00:00"", ""RECORD_END_DATE_TIME"": null}, {""SOURCE_ID"": 4356295415460728416, ""FILE_ID"": 8061665885463209006, ""RECORD_ID"": 397, ""ITEM_NUMBER"": ""1408"", ""ITEM_DESCRIPTION"": null, ""ROTATING_FLAG"": 0, ""LOT_TYPE"": ""NOLOT"", ""CAPITALIZED_FLAG"": 0, ""MATERIAL_SAFETY_DATA_SHEET_NUMBER"": null, ""OUTSIDE_FLAG"": 0, ""SAP_MATERIAL_NUMBER"": null, ""MANUFACTURING_DRAWING_NUMBER"": null, ""EXTRA_FIELD_21_TEXT"": null, ""DISPOSITION_DATE_TIME"": null, ""DISPOSITION_DATE_TIME_GMT"": null, ""BRANDONS_NUMBER"": null, ""ADD_AS_SPARE_PART_FLAG"": 1, ""CLASS_STRUCTURE_ID"": null, ""INSPECT_ON_RECEIPT_FLAG"": 0, ""SOURCE_SYSTEM_ID"": null, ""OWNER_SYSTEM_ID"": null, ""EXTERNAL_REFERENCE_ID"": null, ""UNIVERSAL_PART_NUMBER"": null, ""MACHINED_TEXT"": ""0"", ""EXTRA_FIELD_26_TEXT"": ""0"", ""EXTRA_FIELD_27_TEXT"": null, ""SENDER_SYSTEM_ID"": ""UDX_USH_EXTSYS1"", ""ITEM_SET_ID"": ""ITEM1"", ""ORDER_UNIT_ID"": null, ""ISSUE_UNIT_ID"": null, ""CONDITION_ENABLED_FLAG"": 0, ""METER_GROUP_NAME"": null, ""METER_NAME"": null, ""COMMODITY_GROUP_NAME"": ""STOCK"", ""COMMODITY_CODE"": ""STK"", ""ITEM_TYPE"": ""ITEM"", ""PRORATE_SERVICE_FLAG"": 0, ""ITEM_ID"": 403, ""KIT_FLAG"": 0, ""LANGUAGE_CODE"": ""EN"", ""ATTACH_ASSET_ISSUE_FLAG"": 0, ""HAS_LONG_DESCRIPTION_FLAG"": 0, ""MAXIMUM_QUANTITY_ISSUED_COUNT"": null, ""STATUS_CODE"": ""PENDOBS"", ""STATUS_DATE_TIME"": ""2025-05-13 11:23:05.113000-04:00"", ""STATUS_DATE_TIME_GMT"": ""2025-05-13 11:23:05.113000-04:00"", ""REQUIRES_HARD_RESERVATION_FLAG"": 0, ""TAX_EXEMPT_FLAG"": 0, ""RECEIPT_TOLERANCE_NUMBER"": null, ""INTERNAL_CALIBRATION_FLAG"": 0, ""IS_MANDTE_FLAG"": 0, ""MTE_CLASSIFICATION_TEXT"": null, ""BUFFER_SOLUTION_FLAG"": 0, ""IS_CREW_FLAG"": 0, ""STOCK_TYPE"": null, ""PO_QR_CODE"": null, ""VOC_FLAG"": 0, ""DISCONTINUED_FLAG"": 0, ""EXTRA_FIELD_1_TEXT"": null, ""EXTRA_FIELD_10_TEXT"": null, ""EXTRA_FIELD_11_TEXT"": null, ""EXTRA_FIELD_12_TEXT"": null, ""EXTRA_FIELD_13_TEXT"": null, ""EXTRA_FIELD_14_TEXT"": null, ""EXTRA_FIELD_16_TEXT"": null, ""EXTRA_FIELD_18_TEXT"": null, ""EXTRA_FIELD_2_TEXT"": null, ""EXTRA_FIELD_3_TEXT"": null, ""EXTRA_FIELD_4_TEXT"": null, ""EXTRA_FIELD_5_TEXT"": null, ""EXTRA_FIELD_6_TEXT"": null, ""EXTRA_FIELD_7_TEXT"": null, ""EXTRA_FIELD_8_TEXT"": null, ""EXTRA_FIELD_9_TEXT"": null, ""UDX_PART_NUMBER"": null, ""VOLATILE_ORGANIC_COMPOUND_FLAG"": 0, ""UO_ATS_ABC_TYPE"": null, ""UO_ATS_CATALOG_CODE"": null, ""CATEGORY_STOCK_CODE"": null, ""UO_ATS_DELIVERYTIME_FLAG"": null, ""UO_ATS_MANUFACTURER_TEXT"": null, ""UO_ATS_MINLEVEL_NUMBER"": null, ""UO_ATS_MODEL_NUMBER"": null, ""UO_ATS_ORDER_QUANTITY_COUNT"": null, ""UO_ATS_REQUIRE_TYPE"": null, ""UO_ATS_SAFETY_STOCK_NUMBER"": null, ""UO_ATS_STORE_ROOM_TEXT"": null, ""UO_ATS_UNIT_COST_AMOUNT"": null, ""UO_ATS_VENDOR_NAME"": null, ""UO_ATS_WORK_TYPE"": null, ""ITEM_DISPOSITION_DATE"": null, ""INSPECTION_TYPE"": null, ""MACHINED_FLAG"": 0, ""REG_TYPE"": null, ""SOLE_SOURCED_FLAG"": 0, ""ROWSTAMP_ID"": 656509524, ""LOAD_DATE_TIME"": ""2026-08-12 09:02:37.375000-04:00"", ""LOAD_DATE_TIME_GMT"": ""2026-08-12 13:02:37.375000+00:00"", ""RECORD_END_DATE_TIME"": null}]",,True,DQ_TOOL,BATCH,2026-08-13 10:09:36.393876,2026-08-13 10:09:36.393876
DQ_001,NOT_NULL_CHECK,CF_004,UDX_CORE,UDX_MAXIMO,ITEM,ROTATING_FLAG,ROTATING_FLAG IS NOT NULL,0.03,HIGH,250240,0,250240,0.0,PASS,False,2026-08-13 10:09:38.706029,2026-08-13 10:09:39.071330,0,01c65ad7-0620-d3a9-0054-6203140fce3e,MAXIMO_DEV_WH,SNOWFLAKE,UDX_CORE.UDX_MAXIMO.ITEM,[],,True,DQ_TOOL,BATCH,2026-08-13 10:09:39.071330,2026-08-13 10:09:39.071330
DQ_006,VALID_VALUE_CHECK,CF_005,UDX_CORE,UDX_MAXIMO,ITEM,ROTATING_FLAG,"ROTATING_FLAG IN (0,1)",0.0,HIGH,250240,0,250240,0.0,PASS,False,2026-08-13 10:09:39.435699,2026-08-13 10:09:39.829141,0,01c65ad7-0620-cd60-0054-6203140fbe2a,MAXIMO_DEV_WH,SNOWFLAKE,UDX_CORE.UDX_MAXIMO.ITEM,[],,True,DQ_TOOL,BATCH,2026-08-13 10:09:39.829141,2026-08-13 10:09:39.829141
DQ_006,VALID_VALUE_CHECK,CF_006,UDX_CORE,UDX_MAXIMO,ITEM,LOT_TYPE,"LOT_TYPE IN (LOT,NOLOT)",0.0,HIGH,250240,0,250240,0.0,PASS,False,2026-08-13 10:09:40.237648,2026-08-13 10:09:40.625236,0,01c65ad7-0620-d31d-0054-6203140fe6b6,MAXIMO_DEV_WH,SNOWFLAKE,UDX_CORE.UDX_MAXIMO.ITEM,[],,True,DQ_TOOL,BATCH,2026-08-13 10:09:40.625236,2026-08-13 10:09:40.625236
DQ_006,VALID_VALUE_CHECK,CF_007,UDX_CORE,UDX_MAXIMO,ITEM,CAPITALIZED_FLAG,"CAPITALIZED_FLAG IN (0,1)",0.0,HIGH,250240,0,250240,0.0,PASS,False,2026-08-13 10:09:40.990881,2026-08-13 10:09:41.396923,0,01c65ad7-0620-d31d-0054-6203140fe6ba,MAXIMO_DEV_WH,SNOWFLAKE,UDX_CORE.UDX_MAXIMO.ITEM,[],,True,DQ_TOOL,BATCH,2026-08-13 10:09:41.396923,2026-08-13 10:09:41.396923
DQ_001,NOT_NULL_CHECK,CF_008,UDX_CORE,UDX_MAXIMO,ITEM,MATERIAL_SAFETY_DATA_SHEET_NUMBER,MATERIAL_SAFETY_DATA_SHEET_NUMBER IS NOT NULL,0.1,HIGH,250240,240388,9852,0.9606297953964195,FAIL,True,2026-08-13 10:09:41.802052,2026-08-13 10:09:42.175552,0,01c65ad7-0620-d3a9-0054-6203140fce4a,MAXIMO_DEV_WH,SNOWFLAKE,UDX_CORE.UDX_MAXIMO.ITEM,"[{""SOURCE_ID"": 4356295415460728416, ""FILE_ID"": 8061665885463209006, ""RECORD_ID"": 1, ""ITEM_NUMBER"": ""TE1007027"", ""ITEM_DESCRIPTION"": ""test"", ""ROTATING_FLAG"": 0, ""LOT_TYPE"": ""NOLOT"", ""CAPITALIZED_FLAG"": 0, ""MATERIAL_SAFETY_DATA_SHEET_NUMBER"": null, ""OUTSIDE_FLAG"": 0, ""SAP_MATERIAL_NUMBER"": null, ""MANUFACTURING_DRAWING_NUMBER"": null, ""EXTRA_FIELD_21_TEXT"": null, ""DISPOSITION_DATE_TIME"": null, ""DISPOSITION_DATE_TIME_GMT"": null, ""BRANDONS_NUMBER"": null, ""ADD_AS_SPARE_PART_FLAG"": 1, ""CLASS_STRUCTURE_ID"": null, ""INSPECT_ON_RECEIPT_FLAG"": 0, ""SOURCE_SYSTEM_ID"": null, ""OWNER_SYSTEM_ID"": null, ""EXTERNAL_REFERENCE_ID"": null, ""UNIVERSAL_PART_NUMBER"": null, ""MACHINED_TEXT"": ""0"", ""EXTRA_FIELD_26_TEXT"": ""0"", ""EXTRA_FIELD_27_TEXT"": null, ""SENDER_SYSTEM_ID"": null, ""ITEM_SET_ID"": ""ITEM1"", ""ORDER_UNIT_ID"": ""EACH"", ""ISSUE_UNIT_ID"": ""EACH"", ""CONDITION_ENABLED_FLAG"": 0, ""METER_GROUP_NAME"": null, ""METER_NAME"": null, ""COMMODITY_GROUP_NAME"": ""STOCK"", ""COMMODITY_CODE"": ""STK"", ""ITEM_TYPE"": ""ITEM"", ""PRORATE_SERVICE_FLAG"": 0, ""ITEM_ID"": 256725, ""KIT_FLAG"": 0, ""LANGUAGE_CODE"": ""EN"", ""ATTACH_ASSET_ISSUE_FLAG"": 0, ""HAS_LONG_DESCRIPTION_FLAG"": 0, ""MAXIMUM_QUANTITY_ISSUED_COUNT"": null, ""STATUS_CODE"": ""PENDING"", ""STATUS_DATE_TIME"": ""2026-07-02 17:59:47.071000-04:00"", ""STATUS_DATE_TIME_GMT"": ""2026-07-02 17:59:47.071000-04:00"", ""REQUIRES_HARD_RESERVATION_FLAG"": 0, ""TAX_EXEMPT_FLAG"": 0, ""RECEIPT_TOLERANCE_NUMBER"": null, ""INTERNAL_CALIBRATION_FLAG"": 0, ""IS_MANDTE_FLAG"": 0, ""MTE_CLASSIFICATION_TEXT"": null, ""BUFFER_SOLUTION_FLAG"": 0, ""IS_CREW_FLAG"": 0, ""STOCK_TYPE"": null, ""PO_QR_CODE"": null, ""VOC_FLAG"": 0, ""DISCONTINUED_FLAG"": 0, ""EXTRA_FIELD_1_TEXT"": null, ""EXTRA_FIELD_10_TEXT"": null, ""EXTRA_FIELD_11_TEXT"": null, ""EXTRA_FIELD_12_TEXT"": null, ""EXTRA_FIELD_13_TEXT"": null, ""EXTRA_FIELD_14_TEXT"": null, ""EXTRA_FIELD_16_TEXT"": null, ""EXTRA_FIELD_18_TEXT"": null, ""EXTRA_FIELD_2_TEXT"": null, ""EXTRA_FIELD_3_TEXT"": null, ""EXTRA_FIELD_4_TEXT"": null, ""EXTRA_FIELD_5_TEXT"": null, ""EXTRA_FIELD_6_TEXT"": null, ""EXTRA_FIELD_7_TEXT"": null, ""EXTRA_FIELD_8_TEXT"": null, ""EXTRA_FIELD_9_TEXT"": null, ""UDX_PART_NUMBER"": null, ""VOLATILE_ORGANIC_COMPOUND_FLAG"": 0, ""UO_ATS_ABC_TYPE"": null, ""UO_ATS_CATALOG_CODE"": null, ""CATEGORY_STOCK_CODE"": null, ""UO_ATS_DELIVERYTIME_FLAG"": null, ""UO_ATS_MANUFACTURER_TEXT"": null, ""UO_ATS_MINLEVEL_NUMBER"": null, ""UO_ATS_MODEL_NUMBER"": null, ""UO_ATS_ORDER_QUANTITY_COUNT"": null, ""UO_ATS_REQUIRE_TYPE"": null, ""UO_ATS_SAFETY_STOCK_NUMBER"": null, ""UO_ATS_STORE_ROOM_TEXT"": null, ""UO_ATS_UNIT_COST_AMOUNT"": null, ""UO_ATS_VENDOR_NAME"": null, ""UO_ATS_WORK_TYPE"": null, ""ITEM_DISPOSITION_DATE"": null, ""INSPECTION_TYPE"": null, ""MACHINED_FLAG"": 0, ""REG_TYPE"": null, ""SOLE_SOURCED_FLAG"": 0, ""ROWSTAMP_ID"": 4572236561, ""LOAD_DATE_TIME"": ""2026-08-12 09:02:37.375000-04:00"", ""LOAD_DATE_TIME_GMT"": ""2026-08-12 13:02:37.375000+00:00"", ""RECORD_END_DATE_TIME"": null}, {""SOURCE_ID"": 4356295415460728416, ""FILE_ID"": 8061665885463209006, ""RECORD_ID"": 2, ""ITEM_NUMBER"": ""TE1007028"", ""ITEM_DESCRIPTION"": ""test"", ""ROTATING_FLAG"": 0, ""LOT_TYPE"": ""NOLOT"", ""CAPITALIZED_FLAG"": 0, ""MATERIAL_SAFETY_DATA_SHEET_NUMBER"": null, ""OUTSIDE_FLAG"": 0, ""SAP_MATERIAL_NUMBER"": null, ""MANUFACTURING_DRAWING_NUMBER"": null, ""EXTRA_FIELD_21_TEXT"": null, ""DISPOSITION_DATE_TIME"": null, ""DISPOSITION_DATE_TIME_GMT"": null, ""BRANDONS_NUMBER"": null, ""ADD_AS_SPARE_PART_FLAG"": 1, ""CLASS_STRUCTURE_ID"": null, ""INSPECT_ON_RECEIPT_FLAG"": 0, ""SOURCE_SYSTEM_ID"": null, ""OWNER_SYSTEM_ID"": null, ""EXTERNAL_REFERENCE_ID"": null, ""UNIVERSAL_PART_NUMBER"": null, ""MACHINED_TEXT"": ""0"", ""EXTRA_FIELD_26_TEXT"": ""0"", ""EXTRA_FIELD_27_TEXT"": null, ""SENDER_SYSTEM_ID"": null, ""ITEM_SET_ID"": ""ITEM1"", ""ORDER_UNIT_ID"": ""EACH"", ""ISSUE_UNIT_ID"": ""EACH"", ""CONDITION_ENABLED_FLAG"": 0, ""METER_GROUP_NAME"": null, ""METER_NAME"": null, ""COMMODITY_GROUP_NAME"": ""STOCK"", ""COMMODITY_CODE"": ""STK"", ""ITEM_TYPE"": ""ITEM"", ""PRORATE_SERVICE_FLAG"": 0, ""ITEM_ID"": 256726, ""KIT_FLAG"": 0, ""LANGUAGE_CODE"": ""EN"", ""ATTACH_ASSET_ISSUE_FLAG"": 0, ""HAS_LONG_DESCRIPTION_FLAG"": 0, ""MAXIMUM_QUANTITY_ISSUED_COUNT"": null, ""STATUS_CODE"": ""ACTIVE"", ""STATUS_DATE_TIME"": ""2026-07-02 18:03:03.398000-04:00"", ""STATUS_DATE_TIME_GMT"": ""2026-07-02 18:03:03.398000-04:00"", ""REQUIRES_HARD_RESERVATION_FLAG"": 0, ""TAX_EXEMPT_FLAG"": 0, ""RECEIPT_TOLERANCE_NUMBER"": null, ""INTERNAL_CALIBRATION_FLAG"": 0, ""IS_MANDTE_FLAG"": 0, ""MTE_CLASSIFICATION_TEXT"": null, ""BUFFER_SOLUTION_FLAG"": 0, ""IS_CREW_FLAG"": 0, ""STOCK_TYPE"": null, ""PO_QR_CODE"": null, ""VOC_FLAG"": 0, ""DISCONTINUED_FLAG"": 0, ""EXTRA_FIELD_1_TEXT"": null, ""EXTRA_FIELD_10_TEXT"": null, ""EXTRA_FIELD_11_TEXT"": null, ""EXTRA_FIELD_12_TEXT"": null, ""EXTRA_FIELD_13_TEXT"": null, ""EXTRA_FIELD_14_TEXT"": null, ""EXTRA_FIELD_16_TEXT"": null, ""EXTRA_FIELD_18_TEXT"": null, ""EXTRA_FIELD_2_TEXT"": null, ""EXTRA_FIELD_3_TEXT"": null, ""EXTRA_FIELD_4_TEXT"": null, ""EXTRA_FIELD_5_TEXT"": null, ""EXTRA_FIELD_6_TEXT"": null, ""EXTRA_FIELD_7_TEXT"": null, ""EXTRA_FIELD_8_TEXT"": null, ""EXTRA_FIELD_9_TEXT"": null, ""UDX_PART_NUMBER"": null, ""VOLATILE_ORGANIC_COMPOUND_FLAG"": 0, ""UO_ATS_ABC_TYPE"": null, ""UO_ATS_CATALOG_CODE"": null, ""CATEGORY_STOCK_CODE"": null, ""UO_ATS_DELIVERYTIME_FLAG"": null, ""UO_ATS_MANUFACTURER_TEXT"": null, ""UO_ATS_MINLEVEL_NUMBER"": null, ""UO_ATS_MODEL_NUMBER"": null, ""UO_ATS_ORDER_QUANTITY_COUNT"": null, ""UO_ATS_REQUIRE_TYPE"": null, ""UO_ATS_SAFETY_STOCK_NUMBER"": null, ""UO_ATS_STORE_ROOM_TEXT"": null, ""UO_ATS_UNIT_COST_AMOUNT"": null, ""UO_ATS_VENDOR_NAME"": null, ""UO_ATS_WORK_TYPE"": null, ""ITEM_DISPOSITION_DATE"": null, ""INSPECTION_TYPE"": null, ""MACHINED_FLAG"": 0, ""REG_TYPE"": null, ""SOLE_SOURCED_FLAG"": 0, ""ROWSTAMP_ID"": 4572236621, ""LOAD_DATE_TIME"": ""2026-08-12 09:02:37.375000-04:00"", ""LOAD_DATE_TIME_GMT"": ""2026-08-12 13:02:37.375000+00:00"", ""RECORD_END_DATE_TIME"": null}, {""SOURCE_ID"": 4356295415460728416, ""FILE_ID"": 8061665885463209006, ""RECORD_ID"": 3, ""ITEM_NUMBER"": ""TE1007029"", ""ITEM_DESCRIPTION"": ""test"", ""ROTATING_FLAG"": 0, ""LOT_TYPE"": ""NOLOT"", ""CAPITALIZED_FLAG"": 0, ""MATERIAL_SAFETY_DATA_SHEET_NUMBER"": null, ""OUTSIDE_FLAG"": 0, ""SAP_MATERIAL_NUMBER"": null, ""MANUFACTURING_DRAWING_NUMBER"": null, ""EXTRA_FIELD_21_TEXT"": null, ""DISPOSITION_DATE_TIME"": null, ""DISPOSITION_DATE_TIME_GMT"": null, ""BRANDONS_NUMBER"": null, ""ADD_AS_SPARE_PART_FLAG"": 1, ""CLASS_STRUCTURE_ID"": null, ""INSPECT_ON_RECEIPT_FLAG"": 0, ""SOURCE_SYSTEM_ID"": null, ""OWNER_SYSTEM_ID"": null, ""EXTERNAL_REFERENCE_ID"": null, ""UNIVERSAL_PART_NUMBER"": null, ""MACHINED_TEXT"": ""0"", ""EXTRA_FIELD_26_TEXT"": ""0"", ""EXTRA_FIELD_27_TEXT"": null, ""SENDER_SYSTEM_ID"": null, ""ITEM_SET_ID"": ""ITEM1"", ""ORDER_UNIT_ID"": ""EACH"", ""ISSUE_UNIT_ID"": ""EACH"", ""CONDITION_ENABLED_FLAG"": 0, ""METER_GROUP_NAME"": null, ""METER_NAME"": null, ""COMMODITY_GROUP_NAME"": ""STOCK"", ""COMMODITY_CODE"": ""STK"", ""ITEM_TYPE"": ""ITEM"", ""PRORATE_SERVICE_FLAG"": 0, ""ITEM_ID"": 256730, ""KIT_FLAG"": 0, ""LANGUAGE_CODE"": ""EN"", ""ATTACH_ASSET_ISSUE_FLAG"": 0, ""HAS_LONG_DESCRIPTION_FLAG"": 0, ""MAXIMUM_QUANTITY_ISSUED_COUNT"": null, ""STATUS_CODE"": ""ACTIVE"", ""STATUS_DATE_TIME"": ""2026-07-06 22:55:27.558000-04:00"", ""STATUS_DATE_TIME_GMT"": ""2026-07-06 22:55:27.558000-04:00"", ""REQUIRES_HARD_RESERVATION_FLAG"": 0, ""TAX_EXEMPT_FLAG"": 0, ""RECEIPT_TOLERANCE_NUMBER"": null, ""INTERNAL_CALIBRATION_FLAG"": 0, ""IS_MANDTE_FLAG"": 0, ""MTE_CLASSIFICATION_TEXT"": null, ""BUFFER_SOLUTION_FLAG"": 0, ""IS_CREW_FLAG"": 0, ""STOCK_TYPE"": null, ""PO_QR_CODE"": null, ""VOC_FLAG"": 0, ""DISCONTINUED_FLAG"": 0, ""EXTRA_FIELD_1_TEXT"": null, ""EXTRA_FIELD_10_TEXT"": null, ""EXTRA_FIELD_11_TEXT"": null, ""EXTRA_FIELD_12_TEXT"": null, ""EXTRA_FIELD_13_TEXT"": null, ""EXTRA_FIELD_14_TEXT"": null, ""EXTRA_FIELD_16_TEXT"": null, ""EXTRA_FIELD_18_TEXT"": null, ""EXTRA_FIELD_2_TEXT"": null, ""EXTRA_FIELD_3_TEXT"": null, ""EXTRA_FIELD_4_TEXT"": null, ""EXTRA_FIELD_5_TEXT"": null, ""EXTRA_FIELD_6_TEXT"": null, ""EXTRA_FIELD_7_TEXT"": null, ""EXTRA_FIELD_8_TEXT"": null, ""EXTRA_FIELD_9_TEXT"": null, ""UDX_PART_NUMBER"": null, ""VOLATILE_ORGANIC_COMPOUND_FLAG"": 0, ""UO_ATS_ABC_TYPE"": null, ""UO_ATS_CATALOG_CODE"": null, ""CATEGORY_STOCK_CODE"": null, ""UO_ATS_DELIVERYTIME_FLAG"": null, ""UO_ATS_MANUFACTURER_TEXT"": null, ""UO_ATS_MINLEVEL_NUMBER"": null, ""UO_ATS_MODEL_NUMBER"": null, ""UO_ATS_ORDER_QUANTITY_COUNT"": null, ""UO_ATS_REQUIRE_TYPE"": null, ""UO_ATS_SAFETY_STOCK_NUMBER"": null, ""UO_ATS_STORE_ROOM_TEXT"": null, ""UO_ATS_UNIT_COST_AMOUNT"": null, ""UO_ATS_VENDOR_NAME"": null, ""UO_ATS_WORK_TYPE"": null, ""ITEM_DISPOSITION_DATE"": null, ""INSPECTION_TYPE"": null, ""MACHINED_FLAG"": 0, ""REG_TYPE"": null, ""SOLE_SOURCED_FLAG"": 0, ""ROWSTAMP_ID"": 4572871947, ""LOAD_DATE_TIME"": ""2026-08-12 09:02:37.375000-04:00"", ""LOAD_DATE_TIME_GMT"": ""2026-08-12 13:02:37.375000+00:00"", ""RECORD_END_DATE_TIME"": null}, {""SOURCE_ID"": 4356295415460728416, ""FILE_ID"": 8061665885463209006, ""RECORD_ID"": 4, ""ITEM_NUMBER"": ""TE1007030"", ""ITEM_DESCRIPTION"": null, ""ROTATING_FLAG"": 0, ""LOT_TYPE"": ""NOLOT"", ""CAPITALIZED_FLAG"": 0, ""MATERIAL_SAFETY_DATA_SHEET_NUMBER"": null, ""OUTSIDE_FLAG"": 0, ""SAP_MATERIAL_NUMBER"": null, ""MANUFACTURING_DRAWING_NUMBER"": null, ""EXTRA_FIELD_21_TEXT"": null, ""DISPOSITION_DATE_TIME"": null, ""DISPOSITION_DATE_TIME_GMT"": null, ""BRANDONS_NUMBER"": null, ""ADD_AS_SPARE_PART_FLAG"": 1, ""CLASS_STRUCTURE_ID"": null, ""INSPECT_ON_RECEIPT_FLAG"": 0, ""SOURCE_SYSTEM_ID"": null, ""OWNER_SYSTEM_ID"": null, ""EXTERNAL_REFERENCE_ID"": null, ""UNIVERSAL_PART_NUMBER"": null, ""MACHINED_TEXT"": ""0"", ""EXTRA_FIELD_26_TEXT"": ""0"", ""EXTRA_FIELD_27_TEXT"": null, ""SENDER_SYSTEM_ID"": null, ""ITEM_SET_ID"": ""ITEM1"", ""ORDER_UNIT_ID"": ""EACH"", ""ISSUE_UNIT_ID"": ""EACH"", ""CONDITION_ENABLED_FLAG"": 0, ""METER_GROUP_NAME"": null, ""METER_NAME"": null, ""COMMODITY_GROUP_NAME"": ""STOCK"", ""COMMODITY_CODE"": ""STK"", ""ITEM_TYPE"": ""ITEM"", ""PRORATE_SERVICE_FLAG"": 0, ""ITEM_ID"": 256731, ""KIT_FLAG"": 0, ""LANGUAGE_CODE"": ""EN"", ""ATTACH_ASSET_ISSUE_FLAG"": 0, ""HAS_LONG_DESCRIPTION_FLAG"": 0, ""MAXIMUM_QUANTITY_ISSUED_COUNT"": null, ""STATUS_CODE"": ""ACTIVE"", ""STATUS_DATE_TIME"": ""2026-07-08 21:23:57.319000-04:00"", ""STATUS_DATE_TIME_GMT"": ""2026-07-08 21:23:57.319000-04:00"", ""REQUIRES_HARD_RESERVATION_FLAG"": 0, ""TAX_EXEMPT_FLAG"": 0, ""RECEIPT_TOLERANCE_NUMBER"": null, ""INTERNAL_CALIBRATION_FLAG"": 0, ""IS_MANDTE_FLAG"": 0, ""MTE_CLASSIFICATION_TEXT"": null, ""BUFFER_SOLUTION_FLAG"": 0, ""IS_CREW_FLAG"": 0, ""STOCK_TYPE"": null, ""PO_QR_CODE"": null, ""VOC_FLAG"": 0, ""DISCONTINUED_FLAG"": 0, ""EXTRA_FIELD_1_TEXT"": null, ""EXTRA_FIELD_10_TEXT"": null, ""EXTRA_FIELD_11_TEXT"": null, ""EXTRA_FIELD_12_TEXT"": null, ""EXTRA_FIELD_13_TEXT"": null, ""EXTRA_FIELD_14_TEXT"": null, ""EXTRA_FIELD_16_TEXT"": null, ""EXTRA_FIELD_18_TEXT"": null, ""EXTRA_FIELD_2_TEXT"": null, ""EXTRA_FIELD_3_TEXT"": null, ""EXTRA_FIELD_4_TEXT"": null, ""EXTRA_FIELD_5_TEXT"": null, ""EXTRA_FIELD_6_TEXT"": null, ""EXTRA_FIELD_7_TEXT"": null, ""EXTRA_FIELD_8_TEXT"": null, ""EXTRA_FIELD_9_TEXT"": null, ""UDX_PART_NUMBER"": null, ""VOLATILE_ORGANIC_COMPOUND_FLAG"": 0, ""UO_ATS_ABC_TYPE"": null, ""UO_ATS_CATALOG_CODE"": null, ""CATEGORY_STOCK_CODE"": null, ""UO_ATS_DELIVERYTIME_FLAG"": null, ""UO_ATS_MANUFACTURER_TEXT"": null, ""UO_ATS_MINLEVEL_NUMBER"": null, ""UO_ATS_MODEL_NUMBER"": null, ""UO_ATS_ORDER_QUANTITY_COUNT"": null, ""UO_ATS_REQUIRE_TYPE"": null, ""UO_ATS_SAFETY_STOCK_NUMBER"": null, ""UO_ATS_STORE_ROOM_TEXT"": null, ""UO_ATS_UNIT_COST_AMOUNT"": null, ""UO_ATS_VENDOR_NAME"": null, ""UO_ATS_WORK_TYPE"": null, ""ITEM_DISPOSITION_DATE"": null, ""INSPECTION_TYPE"": null, ""MACHINED_FLAG"": 0, ""REG_TYPE"": null, ""SOLE_SOURCED_FLAG"": 0, ""ROWSTAMP_ID"": 4573552912, ""LOAD_DATE_TIME"": ""2026-08-12 09:02:37.375000-04:00"", ""LOAD_DATE_TIME_GMT"": ""2026-08-12 13:02:37.375000+00:00"", ""RECORD_END_DATE_TIME"": null}, {""SOURCE_ID"": 4356295415460728416, ""FILE_ID"": 8061665885463209006, ""RECORD_ID"": 5, ""ITEM_NUMBER"": ""TE1007031"", ""ITEM_DESCRIPTION"": null, ""ROTATING_FLAG"": 0, ""LOT_TYPE"": ""NOLOT"", ""CAPITALIZED_FLAG"": 0, ""MATERIAL_SAFETY_DATA_SHEET_NUMBER"": null, ""OUTSIDE_FLAG"": 0, ""SAP_MATERIAL_NUMBER"": null, ""MANUFACTURING_DRAWING_NUMBER"": null, ""EXTRA_FIELD_21_TEXT"": null, ""DISPOSITION_DATE_TIME"": null, ""DISPOSITION_DATE_TIME_GMT"": null, ""BRANDONS_NUMBER"": null, ""ADD_AS_SPARE_PART_FLAG"": 1, ""CLASS_STRUCTURE_ID"": null, ""INSPECT_ON_RECEIPT_FLAG"": 0, ""SOURCE_SYSTEM_ID"": null, ""OWNER_SYSTEM_ID"": null, ""EXTERNAL_REFERENCE_ID"": null, ""UNIVERSAL_PART_NUMBER"": null, ""MACHINED_TEXT"": ""0"", ""EXTRA_FIELD_26_TEXT"": ""0"", ""EXTRA_FIELD_27_TEXT"": null, ""SENDER_SYSTEM_ID"": null, ""ITEM_SET_ID"": ""ITEM1"", ""ORDER_UNIT_ID"": ""EACH"", ""ISSUE_UNIT_ID"": ""EACH"", ""CONDITION_ENABLED_FLAG"": 0, ""METER_GROUP_NAME"": null, ""METER_NAME"": null, ""COMMODITY_GROUP_NAME"": ""STOCK"", ""COMMODITY_CODE"": ""STK"", ""ITEM_TYPE"": ""ITEM"", ""PRORATE_SERVICE_FLAG"": 0, ""ITEM_ID"": 256732, ""KIT_FLAG"": 0, ""LANGUAGE_CODE"": ""EN"", ""ATTACH_ASSET_ISSUE_FLAG"": 0, ""HAS_LONG_DESCRIPTION_FLAG"": 0, ""MAXIMUM_QUANTITY_ISSUED_COUNT"": null, ""STATUS_CODE"": ""ACTIVE"", ""STATUS_DATE_TIME"": ""2026-07-08 22:08:20.379000-04:00"", ""STATUS_DATE_TIME_GMT"": ""2026-07-08 22:08:20.379000-04:00"", ""REQUIRES_HARD_RESERVATION_FLAG"": 0, ""TAX_EXEMPT_FLAG"": 0, ""RECEIPT_TOLERANCE_NUMBER"": null, ""INTERNAL_CALIBRATION_FLAG"": 0, ""IS_MANDTE_FLAG"": 0, ""MTE_CLASSIFICATION_TEXT"": null, ""BUFFER_SOLUTION_FLAG"": 0, ""IS_CREW_FLAG"": 0, ""STOCK_TYPE"": ""SAF"", ""PO_QR_CODE"": null, ""VOC_FLAG"": 0, ""DISCONTINUED_FLAG"": 0, ""EXTRA_FIELD_1_TEXT"": null, ""EXTRA_FIELD_10_TEXT"": null, ""EXTRA_FIELD_11_TEXT"": null, ""EXTRA_FIELD_12_TEXT"": null, ""EXTRA_FIELD_13_TEXT"": null, ""EXTRA_FIELD_14_TEXT"": null, ""EXTRA_FIELD_16_TEXT"": null, ""EXTRA_FIELD_18_TEXT"": null, ""EXTRA_FIELD_2_TEXT"": null, ""EXTRA_FIELD_3_TEXT"": null, ""EXTRA_FIELD_4_TEXT"": null, ""EXTRA_FIELD_5_TEXT"": null, ""EXTRA_FIELD_6_TEXT"": null, ""EXTRA_FIELD_7_TEXT"": null, ""EXTRA_FIELD_8_TEXT"": null, ""EXTRA_FIELD_9_TEXT"": null, ""UDX_PART_NUMBER"": null, ""VOLATILE_ORGANIC_COMPOUND_FLAG"": 0, ""UO_ATS_ABC_TYPE"": null, ""UO_ATS_CATALOG_CODE"": null, ""CATEGORY_STOCK_CODE"": null, ""UO_ATS_DELIVERYTIME_FLAG"": null, ""UO_ATS_MANUFACTURER_TEXT"": null, ""UO_ATS_MINLEVEL_NUMBER"": null, ""UO_ATS_MODEL_NUMBER"": null, ""UO_ATS_ORDER_QUANTITY_COUNT"": null, ""UO_ATS_REQUIRE_TYPE"": null, ""UO_ATS_SAFETY_STOCK_NUMBER"": null, ""UO_ATS_STORE_ROOM_TEXT"": null, ""UO_ATS_UNIT_COST_AMOUNT"": null, ""UO_ATS_VENDOR_NAME"": null, ""UO_ATS_WORK_TYPE"": null, ""ITEM_DISPOSITION_DATE"": null, ""INSPECTION_TYPE"": null, ""MACHINED_FLAG"": 0, ""REG_TYPE"": null, ""SOLE_SOURCED_FLAG"": 0, ""ROWSTAMP_ID"": 4573554764, ""LOAD_DATE_TIME"": ""2026-08-12 09:02:37.375000-04:00"", ""LOAD_DATE_TIME_GMT"": ""2026-08-12 13:02:37.375000+00:00"", ""RECORD_END_DATE_TIME"": null}]",,True,DQ_TOOL,BATCH,2026-08-13 10:09:42.175552,2026-08-13 10:09:42.175552
DQ_006,VALID_VALUE_CHECK,CF_009,UDX_CORE,UDX_MAXIMO,ITEM,OUTSIDE_FLAG,OUTSIDE_FLAG IN (0),0.0,HIGH,250240,0,250240,0.0,PASS,False,2026-08-13 10:09:44.129785,2026-08-13 10:09:44.495769,0,01c65ad7-0620-cee2-0054-6203140fda9e,MAXIMO_DEV_WH,SNOWFLAKE,UDX_CORE.UDX_MAXIMO.ITEM,[],,True,DQ_TOOL,BATCH,2026-08-13 10:09:44.495769,2026-08-13 10:09:44.495769
DQ_001,NOT_NULL_CHECK,CF_010,UDX_CORE,UDX_MAXIMO,ITEM,OUTSIDE_FLAG,OUTSIDE_FLAG IS NOT NULL,0.02,HIGH,250240,0,250240,0.0,PASS,False,2026-08-13 10:09:44.860210,2026-08-13 10:09:45.216157,0,01c65ad7-0620-d31d-0054-6203140fe6c2,MAXIMO_DEV_WH,SNOWFLAKE,UDX_CORE.UDX_MAXIMO.ITEM,[],,True,DQ_TOOL,BATCH,2026-08-13 10:09:45.216157,2026-08-13 10:09:45.216157
DQ_001,NOT_NULL_CHECK,CF_011,UDX_CORE,UDX_MAXIMO,ITEM,INSPECT_ON_RECEIPT_FLAG,INSPECT_ON_RECEIPT_FLAG IS NOT NULL,0.02,HIGH,250240,0,250240,0.0,PASS,False,2026-08-13 10:09:45.923668,2026-08-13 10:09:46.282947,0,01c65ad7-0620-cee2-0054-6203140fdaa6,MAXIMO_DEV_WH,SNOWFLAKE,UDX_CORE.UDX_MAXIMO.ITEM,[],,True,DQ_TOOL,BATCH,2026-08-13 10:09:46.282947,2026-08-13 10:09:46.282947
DQ_001,NOT_NULL_CHECK,CF_012,UDX_CORE,UDX_MAXIMO,ITEM,SENDER_SYSTEM_ID,SENDER_SYSTEM_ID IS NOT NULL,0.02,HIGH,250240,3267,246973,0.013055466751918158,PASS,False,2026-08-13 10:09:46.649419,2026-08-13 10:09:46.999656,0,01c65ad7-0620-d3a9-0054-6203140fce52,MAXIMO_DEV_WH,SNOWFLAKE,UDX_CORE.UDX_MAXIMO.ITEM,"[{""SOURCE_ID"": 4356295415460728416, ""FILE_ID"": 8061665885463209006, ""RECORD_ID"": 1, ""ITEM_NUMBER"": ""TE1007027"", ""ITEM_DESCRIPTION"": ""test"", ""ROTATING_FLAG"": 0, ""LOT_TYPE"": ""NOLOT"", ""CAPITALIZED_FLAG"": 0, ""MATERIAL_SAFETY_DATA_SHEET_NUMBER"": null, ""OUTSIDE_FLAG"": 0, ""SAP_MATERIAL_NUMBER"": null, ""MANUFACTURING_DRAWING_NUMBER"": null, ""EXTRA_FIELD_21_TEXT"": null, ""DISPOSITION_DATE_TIME"": null, ""DISPOSITION_DATE_TIME_GMT"": null, ""BRANDONS_NUMBER"": null, ""ADD_AS_SPARE_PART_FLAG"": 1, ""CLASS_STRUCTURE_ID"": null, ""INSPECT_ON_RECEIPT_FLAG"": 0, ""SOURCE_SYSTEM_ID"": null, ""OWNER_SYSTEM_ID"": null, ""EXTERNAL_REFERENCE_ID"": null, ""UNIVERSAL_PART_NUMBER"": null, ""MACHINED_TEXT"": ""0"", ""EXTRA_FIELD_26_TEXT"": ""0"", ""EXTRA_FIELD_27_TEXT"": null, ""SENDER_SYSTEM_ID"": null, ""ITEM_SET_ID"": ""ITEM1"", ""ORDER_UNIT_ID"": ""EACH"", ""ISSUE_UNIT_ID"": ""EACH"", ""CONDITION_ENABLED_FLAG"": 0, ""METER_GROUP_NAME"": null, ""METER_NAME"": null, ""COMMODITY_GROUP_NAME"": ""STOCK"", ""COMMODITY_CODE"": ""STK"", ""ITEM_TYPE"": ""ITEM"", ""PRORATE_SERVICE_FLAG"": 0, ""ITEM_ID"": 256725, ""KIT_FLAG"": 0, ""LANGUAGE_CODE"": ""EN"", ""ATTACH_ASSET_ISSUE_FLAG"": 0, ""HAS_LONG_DESCRIPTION_FLAG"": 0, ""MAXIMUM_QUANTITY_ISSUED_COUNT"": null, ""STATUS_CODE"": ""PENDING"", ""STATUS_DATE_TIME"": ""2026-07-02 17:59:47.071000-04:00"", ""STATUS_DATE_TIME_GMT"": ""2026-07-02 17:59:47.071000-04:00"", ""REQUIRES_HARD_RESERVATION_FLAG"": 0, ""TAX_EXEMPT_FLAG"": 0, ""RECEIPT_TOLERANCE_NUMBER"": null, ""INTERNAL_CALIBRATION_FLAG"": 0, ""IS_MANDTE_FLAG"": 0, ""MTE_CLASSIFICATION_TEXT"": null, ""BUFFER_SOLUTION_FLAG"": 0, ""IS_CREW_FLAG"": 0, ""STOCK_TYPE"": null, ""PO_QR_CODE"": null, ""VOC_FLAG"": 0, ""DISCONTINUED_FLAG"": 0, ""EXTRA_FIELD_1_TEXT"": null, ""EXTRA_FIELD_10_TEXT"": null, ""EXTRA_FIELD_11_TEXT"": null, ""EXTRA_FIELD_12_TEXT"": null, ""EXTRA_FIELD_13_TEXT"": null, ""EXTRA_FIELD_14_TEXT"": null, ""EXTRA_FIELD_16_TEXT"": null, ""EXTRA_FIELD_18_TEXT"": null, ""EXTRA_FIELD_2_TEXT"": null, ""EXTRA_FIELD_3_TEXT"": null, ""EXTRA_FIELD_4_TEXT"": null, ""EXTRA_FIELD_5_TEXT"": null, ""EXTRA_FIELD_6_TEXT"": null, ""EXTRA_FIELD_7_TEXT"": null, ""EXTRA_FIELD_8_TEXT"": null, ""EXTRA_FIELD_9_TEXT"": null, ""UDX_PART_NUMBER"": null, ""VOLATILE_ORGANIC_COMPOUND_FLAG"": 0, ""UO_ATS_ABC_TYPE"": null, ""UO_ATS_CATALOG_CODE"": null, ""CATEGORY_STOCK_CODE"": null, ""UO_ATS_DELIVERYTIME_FLAG"": null, ""UO_ATS_MANUFACTURER_TEXT"": null, ""UO_ATS_MINLEVEL_NUMBER"": null, ""UO_ATS_MODEL_NUMBER"": null, ""UO_ATS_ORDER_QUANTITY_COUNT"": null, ""UO_ATS_REQUIRE_TYPE"": null, ""UO_ATS_SAFETY_STOCK_NUMBER"": null, ""UO_ATS_STORE_ROOM_TEXT"": null, ""UO_ATS_UNIT_COST_AMOUNT"": null, ""UO_ATS_VENDOR_NAME"": null, ""UO_ATS_WORK_TYPE"": null, ""ITEM_DISPOSITION_DATE"": null, ""INSPECTION_TYPE"": null, ""MACHINED_FLAG"": 0, ""REG_TYPE"": null, ""SOLE_SOURCED_FLAG"": 0, ""ROWSTAMP_ID"": 4572236561, ""LOAD_DATE_TIME"": ""2026-08-12 09:02:37.375000-04:00"", ""LOAD_DATE_TIME_GMT"": ""2026-08-12 13:02:37.375000+00:00"", ""RECORD_END_DATE_TIME"": null}, {""SOURCE_ID"": 4356295415460728416, ""FILE_ID"": 8061665885463209006, ""RECORD_ID"": 2, ""ITEM_NUMBER"": ""TE1007028"", ""ITEM_DESCRIPTION"": ""test"", ""ROTATING_FLAG"": 0, ""LOT_TYPE"": ""NOLOT"", ""CAPITALIZED_FLAG"": 0, ""MATERIAL_SAFETY_DATA_SHEET_NUMBER"": null, ""OUTSIDE_FLAG"": 0, ""SAP_MATERIAL_NUMBER"": null, ""MANUFACTURING_DRAWING_NUMBER"": null, ""EXTRA_FIELD_21_TEXT"": null, ""DISPOSITION_DATE_TIME"": null, ""DISPOSITION_DATE_TIME_GMT"": null, ""BRANDONS_NUMBER"": null, ""ADD_AS_SPARE_PART_FLAG"": 1, ""CLASS_STRUCTURE_ID"": null, ""INSPECT_ON_RECEIPT_FLAG"": 0, ""SOURCE_SYSTEM_ID"": null, ""OWNER_SYSTEM_ID"": null, ""EXTERNAL_REFERENCE_ID"": null, ""UNIVERSAL_PART_NUMBER"": null, ""MACHINED_TEXT"": ""0"", ""EXTRA_FIELD_26_TEXT"": ""0"", ""EXTRA_FIELD_27_TEXT"": null, ""SENDER_SYSTEM_ID"": null, ""ITEM_SET_ID"": ""ITEM1"", ""ORDER_UNIT_ID"": ""EACH"", ""ISSUE_UNIT_ID"": ""EACH"", ""CONDITION_ENABLED_FLAG"": 0, ""METER_GROUP_NAME"": null, ""METER_NAME"": null, ""COMMODITY_GROUP_NAME"": ""STOCK"", ""COMMODITY_CODE"": ""STK"", ""ITEM_TYPE"": ""ITEM"", ""PRORATE_SERVICE_FLAG"": 0, ""ITEM_ID"": 256726, ""KIT_FLAG"": 0, ""LANGUAGE_CODE"": ""EN"", ""ATTACH_ASSET_ISSUE_FLAG"": 0, ""HAS_LONG_DESCRIPTION_FLAG"": 0, ""MAXIMUM_QUANTITY_ISSUED_COUNT"": null, ""STATUS_CODE"": ""ACTIVE"", ""STATUS_DATE_TIME"": ""2026-07-02 18:03:03.398000-04:00"", ""STATUS_DATE_TIME_GMT"": ""2026-07-02 18:03:03.398000-04:00"", ""REQUIRES_HARD_RESERVATION_FLAG"": 0, ""TAX_EXEMPT_FLAG"": 0, ""RECEIPT_TOLERANCE_NUMBER"": null, ""INTERNAL_CALIBRATION_FLAG"": 0, ""IS_MANDTE_FLAG"": 0, ""MTE_CLASSIFICATION_TEXT"": null, ""BUFFER_SOLUTION_FLAG"": 0, ""IS_CREW_FLAG"": 0, ""STOCK_TYPE"": null, ""PO_QR_CODE"": null, ""VOC_FLAG"": 0, ""DISCONTINUED_FLAG"": 0, ""EXTRA_FIELD_1_TEXT"": null, ""EXTRA_FIELD_10_TEXT"": null, ""EXTRA_FIELD_11_TEXT"": null, ""EXTRA_FIELD_12_TEXT"": null, ""EXTRA_FIELD_13_TEXT"": null, ""EXTRA_FIELD_14_TEXT"": null, ""EXTRA_FIELD_16_TEXT"": null, ""EXTRA_FIELD_18_TEXT"": null, ""EXTRA_FIELD_2_TEXT"": null, ""EXTRA_FIELD_3_TEXT"": null, ""EXTRA_FIELD_4_TEXT"": null, ""EXTRA_FIELD_5_TEXT"": null, ""EXTRA_FIELD_6_TEXT"": null, ""EXTRA_FIELD_7_TEXT"": null, ""EXTRA_FIELD_8_TEXT"": null, ""EXTRA_FIELD_9_TEXT"": null, ""UDX_PART_NUMBER"": null, ""VOLATILE_ORGANIC_COMPOUND_FLAG"": 0, ""UO_ATS_ABC_TYPE"": null, ""UO_ATS_CATALOG_CODE"": null, ""CATEGORY_STOCK_CODE"": null, ""UO_ATS_DELIVERYTIME_FLAG"": null, ""UO_ATS_MANUFACTURER_TEXT"": null, ""UO_ATS_MINLEVEL_NUMBER"": null, ""UO_ATS_MODEL_NUMBER"": null, ""UO_ATS_ORDER_QUANTITY_COUNT"": null, ""UO_ATS_REQUIRE_TYPE"": null, ""UO_ATS_SAFETY_STOCK_NUMBER"": null, ""UO_ATS_STORE_ROOM_TEXT"": null, ""UO_ATS_UNIT_COST_AMOUNT"": null, ""UO_ATS_VENDOR_NAME"": null, ""UO_ATS_WORK_TYPE"": null, ""ITEM_DISPOSITION_DATE"": null, ""INSPECTION_TYPE"": null, ""MACHINED_FLAG"": 0, ""REG_TYPE"": null, ""SOLE_SOURCED_FLAG"": 0, ""ROWSTAMP_ID"": 4572236621, ""LOAD_DATE_TIME"": ""2026-08-12 09:02:37.375000-04:00"", ""LOAD_DATE_TIME_GMT"": ""2026-08-12 13:02:37.375000+00:00"", ""RECORD_END_DATE_TIME"": null}, {""SOURCE_ID"": 4356295415460728416, ""FILE_ID"": 8061665885463209006, ""RECORD_ID"": 3, ""ITEM_NUMBER"": ""TE1007029"", ""ITEM_DESCRIPTION"": ""test"", ""ROTATING_FLAG"": 0, ""LOT_TYPE"": ""NOLOT"", ""CAPITALIZED_FLAG"": 0, ""MATERIAL_SAFETY_DATA_SHEET_NUMBER"": null, ""OUTSIDE_FLAG"": 0, ""SAP_MATERIAL_NUMBER"": null, ""MANUFACTURING_DRAWING_NUMBER"": null, ""EXTRA_FIELD_21_TEXT"": null, ""DISPOSITION_DATE_TIME"": null, ""DISPOSITION_DATE_TIME_GMT"": null, ""BRANDONS_NUMBER"": null, ""ADD_AS_SPARE_PART_FLAG"": 1, ""CLASS_STRUCTURE_ID"": null, ""INSPECT_ON_RECEIPT_FLAG"": 0, ""SOURCE_SYSTEM_ID"": null, ""OWNER_SYSTEM_ID"": null, ""EXTERNAL_REFERENCE_ID"": null, ""UNIVERSAL_PART_NUMBER"": null, ""MACHINED_TEXT"": ""0"", ""EXTRA_FIELD_26_TEXT"": ""0"", ""EXTRA_FIELD_27_TEXT"": null, ""SENDER_SYSTEM_ID"": null, ""ITEM_SET_ID"": ""ITEM1"", ""ORDER_UNIT_ID"": ""EACH"", ""ISSUE_UNIT_ID"": ""EACH"", ""CONDITION_ENABLED_FLAG"": 0, ""METER_GROUP_NAME"": null, ""METER_NAME"": null, ""COMMODITY_GROUP_NAME"": ""STOCK"", ""COMMODITY_CODE"": ""STK"", ""ITEM_TYPE"": ""ITEM"", ""PRORATE_SERVICE_FLAG"": 0, ""ITEM_ID"": 256730, ""KIT_FLAG"": 0, ""LANGUAGE_CODE"": ""EN"", ""ATTACH_ASSET_ISSUE_FLAG"": 0, ""HAS_LONG_DESCRIPTION_FLAG"": 0, ""MAXIMUM_QUANTITY_ISSUED_COUNT"": null, ""STATUS_CODE"": ""ACTIVE"", ""STATUS_DATE_TIME"": ""2026-07-06 22:55:27.558000-04:00"", ""STATUS_DATE_TIME_GMT"": ""2026-07-06 22:55:27.558000-04:00"", ""REQUIRES_HARD_RESERVATION_FLAG"": 0, ""TAX_EXEMPT_FLAG"": 0, ""RECEIPT_TOLERANCE_NUMBER"": null, ""INTERNAL_CALIBRATION_FLAG"": 0, ""IS_MANDTE_FLAG"": 0, ""MTE_CLASSIFICATION_TEXT"": null, ""BUFFER_SOLUTION_FLAG"": 0, ""IS_CREW_FLAG"": 0, ""STOCK_TYPE"": null, ""PO_QR_CODE"": null, ""VOC_FLAG"": 0, ""DISCONTINUED_FLAG"": 0, ""EXTRA_FIELD_1_TEXT"": null, ""EXTRA_FIELD_10_TEXT"": null, ""EXTRA_FIELD_11_TEXT"": null, ""EXTRA_FIELD_12_TEXT"": null, ""EXTRA_FIELD_13_TEXT"": null, ""EXTRA_FIELD_14_TEXT"": null, ""EXTRA_FIELD_16_TEXT"": null, ""EXTRA_FIELD_18_TEXT"": null, ""EXTRA_FIELD_2_TEXT"": null, ""EXTRA_FIELD_3_TEXT"": null, ""EXTRA_FIELD_4_TEXT"": null, ""EXTRA_FIELD_5_TEXT"": null, ""EXTRA_FIELD_6_TEXT"": null, ""EXTRA_FIELD_7_TEXT"": null, ""EXTRA_FIELD_8_TEXT"": null, ""EXTRA_FIELD_9_TEXT"": null, ""UDX_PART_NUMBER"": null, ""VOLATILE_ORGANIC_COMPOUND_FLAG"": 0, ""UO_ATS_ABC_TYPE"": null, ""UO_ATS_CATALOG_CODE"": null, ""CATEGORY_STOCK_CODE"": null, ""UO_ATS_DELIVERYTIME_FLAG"": null, ""UO_ATS_MANUFACTURER_TEXT"": null, ""UO_ATS_MINLEVEL_NUMBER"": null, ""UO_ATS_MODEL_NUMBER"": null, ""UO_ATS_ORDER_QUANTITY_COUNT"": null, ""UO_ATS_REQUIRE_TYPE"": null, ""UO_ATS_SAFETY_STOCK_NUMBER"": null, ""UO_ATS_STORE_ROOM_TEXT"": null, ""UO_ATS_UNIT_COST_AMOUNT"": null, ""UO_ATS_VENDOR_NAME"": null, ""UO_ATS_WORK_TYPE"": null, ""ITEM_DISPOSITION_DATE"": null, ""INSPECTION_TYPE"": null, ""MACHINED_FLAG"": 0, ""REG_TYPE"": null, ""SOLE_SOURCED_FLAG"": 0, ""ROWSTAMP_ID"": 4572871947, ""LOAD_DATE_TIME"": ""2026-08-12 09:02:37.375000-04:00"", ""LOAD_DATE_TIME_GMT"": ""2026-08-12 13:02:37.375000+00:00"", ""RECORD_END_DATE_TIME"": null}, {""SOURCE_ID"": 4356295415460728416, ""FILE_ID"": 8061665885463209006, ""RECORD_ID"": 4, ""ITEM_NUMBER"": ""TE1007030"", ""ITEM_DESCRIPTION"": null, ""ROTATING_FLAG"": 0, ""LOT_TYPE"": ""NOLOT"", ""CAPITALIZED_FLAG"": 0, ""MATERIAL_SAFETY_DATA_SHEET_NUMBER"": null, ""OUTSIDE_FLAG"": 0, ""SAP_MATERIAL_NUMBER"": null, ""MANUFACTURING_DRAWING_NUMBER"": null, ""EXTRA_FIELD_21_TEXT"": null, ""DISPOSITION_DATE_TIME"": null, ""DISPOSITION_DATE_TIME_GMT"": null, ""BRANDONS_NUMBER"": null, ""ADD_AS_SPARE_PART_FLAG"": 1, ""CLASS_STRUCTURE_ID"": null, ""INSPECT_ON_RECEIPT_FLAG"": 0, ""SOURCE_SYSTEM_ID"": null, ""OWNER_SYSTEM_ID"": null, ""EXTERNAL_REFERENCE_ID"": null, ""UNIVERSAL_PART_NUMBER"": null, ""MACHINED_TEXT"": ""0"", ""EXTRA_FIELD_26_TEXT"": ""0"", ""EXTRA_FIELD_27_TEXT"": null, ""SENDER_SYSTEM_ID"": null, ""ITEM_SET_ID"": ""ITEM1"", ""ORDER_UNIT_ID"": ""EACH"", ""ISSUE_UNIT_ID"": ""EACH"", ""CONDITION_ENABLED_FLAG"": 0, ""METER_GROUP_NAME"": null, ""METER_NAME"": null, ""COMMODITY_GROUP_NAME"": ""STOCK"", ""COMMODITY_CODE"": ""STK"", ""ITEM_TYPE"": ""ITEM"", ""PRORATE_SERVICE_FLAG"": 0, ""ITEM_ID"": 256731, ""KIT_FLAG"": 0, ""LANGUAGE_CODE"": ""EN"", ""ATTACH_ASSET_ISSUE_FLAG"": 0, ""HAS_LONG_DESCRIPTION_FLAG"": 0, ""MAXIMUM_QUANTITY_ISSUED_COUNT"": null, ""STATUS_CODE"": ""ACTIVE"", ""STATUS_DATE_TIME"": ""2026-07-08 21:23:57.319000-04:00"", ""STATUS_DATE_TIME_GMT"": ""2026-07-08 21:23:57.319000-04:00"", ""REQUIRES_HARD_RESERVATION_FLAG"": 0, ""TAX_EXEMPT_FLAG"": 0, ""RECEIPT_TOLERANCE_NUMBER"": null, ""INTERNAL_CALIBRATION_FLAG"": 0, ""IS_MANDTE_FLAG"": 0, ""MTE_CLASSIFICATION_TEXT"": null, ""BUFFER_SOLUTION_FLAG"": 0, ""IS_CREW_FLAG"": 0, ""STOCK_TYPE"": null, ""PO_QR_CODE"": null, ""VOC_FLAG"": 0, ""DISCONTINUED_FLAG"": 0, ""EXTRA_FIELD_1_TEXT"": null, ""EXTRA_FIELD_10_TEXT"": null, ""EXTRA_FIELD_11_TEXT"": null, ""EXTRA_FIELD_12_TEXT"": null, ""EXTRA_FIELD_13_TEXT"": null, ""EXTRA_FIELD_14_TEXT"": null, ""EXTRA_FIELD_16_TEXT"": null, ""EXTRA_FIELD_18_TEXT"": null, ""EXTRA_FIELD_2_TEXT"": null, ""EXTRA_FIELD_3_TEXT"": null, ""EXTRA_FIELD_4_TEXT"": null, ""EXTRA_FIELD_5_TEXT"": null, ""EXTRA_FIELD_6_TEXT"": null, ""EXTRA_FIELD_7_TEXT"": null, ""EXTRA_FIELD_8_TEXT"": null, ""EXTRA_FIELD_9_TEXT"": null, ""UDX_PART_NUMBER"": null, ""VOLATILE_ORGANIC_COMPOUND_FLAG"": 0, ""UO_ATS_ABC_TYPE"": null, ""UO_ATS_CATALOG_CODE"": null, ""CATEGORY_STOCK_CODE"": null, ""UO_ATS_DELIVERYTIME_FLAG"": null, ""UO_ATS_MANUFACTURER_TEXT"": null, ""UO_ATS_MINLEVEL_NUMBER"": null, ""UO_ATS_MODEL_NUMBER"": null, ""UO_ATS_ORDER_QUANTITY_COUNT"": null, ""UO_ATS_REQUIRE_TYPE"": null, ""UO_ATS_SAFETY_STOCK_NUMBER"": null, ""UO_ATS_STORE_ROOM_TEXT"": null, ""UO_ATS_UNIT_COST_AMOUNT"": null, ""UO_ATS_VENDOR_NAME"": null, ""UO_ATS_WORK_TYPE"": null, ""ITEM_DISPOSITION_DATE"": null, ""INSPECTION_TYPE"": null, ""MACHINED_FLAG"": 0, ""REG_TYPE"": null, ""SOLE_SOURCED_FLAG"": 0, ""ROWSTAMP_ID"": 4573552912, ""LOAD_DATE_TIME"": ""2026-08-12 09:02:37.375000-04:00"", ""LOAD_DATE_TIME_GMT"": ""2026-08-12 13:02:37.375000+00:00"", ""RECORD_END_DATE_TIME"": null}, {""SOURCE_ID"": 4356295415460728416, ""FILE_ID"": 8061665885463209006, ""RECORD_ID"": 5, ""ITEM_NUMBER"": ""TE1007031"", ""ITEM_DESCRIPTION"": null, ""ROTATING_FLAG"": 0, ""LOT_TYPE"": ""NOLOT"", ""CAPITALIZED_FLAG"": 0, ""MATERIAL_SAFETY_DATA_SHEET_NUMBER"": null, ""OUTSIDE_FLAG"": 0, ""SAP_MATERIAL_NUMBER"": null, ""MANUFACTURING_DRAWING_NUMBER"": null, ""EXTRA_FIELD_21_TEXT"": null, ""DISPOSITION_DATE_TIME"": null, ""DISPOSITION_DATE_TIME_GMT"": null, ""BRANDONS_NUMBER"": null, ""ADD_AS_SPARE_PART_FLAG"": 1, ""CLASS_STRUCTURE_ID"": null, ""INSPECT_ON_RECEIPT_FLAG"": 0, ""SOURCE_SYSTEM_ID"": null, ""OWNER_SYSTEM_ID"": null, ""EXTERNAL_REFERENCE_ID"": null, ""UNIVERSAL_PART_NUMBER"": null, ""MACHINED_TEXT"": ""0"", ""EXTRA_FIELD_26_TEXT"": ""0"", ""EXTRA_FIELD_27_TEXT"": null, ""SENDER_SYSTEM_ID"": null, ""ITEM_SET_ID"": ""ITEM1"", ""ORDER_UNIT_ID"": ""EACH"", ""ISSUE_UNIT_ID"": ""EACH"", ""CONDITION_ENABLED_FLAG"": 0, ""METER_GROUP_NAME"": null, ""METER_NAME"": null, ""COMMODITY_GROUP_NAME"": ""STOCK"", ""COMMODITY_CODE"": ""STK"", ""ITEM_TYPE"": ""ITEM"", ""PRORATE_SERVICE_FLAG"": 0, ""ITEM_ID"": 256732, ""KIT_FLAG"": 0, ""LANGUAGE_CODE"": ""EN"", ""ATTACH_ASSET_ISSUE_FLAG"": 0, ""HAS_LONG_DESCRIPTION_FLAG"": 0, ""MAXIMUM_QUANTITY_ISSUED_COUNT"": null, ""STATUS_CODE"": ""ACTIVE"", ""STATUS_DATE_TIME"": ""2026-07-08 22:08:20.379000-04:00"", ""STATUS_DATE_TIME_GMT"": ""2026-07-08 22:08:20.379000-04:00"", ""REQUIRES_HARD_RESERVATION_FLAG"": 0, ""TAX_EXEMPT_FLAG"": 0, ""RECEIPT_TOLERANCE_NUMBER"": null, ""INTERNAL_CALIBRATION_FLAG"": 0, ""IS_MANDTE_FLAG"": 0, ""MTE_CLASSIFICATION_TEXT"": null, ""BUFFER_SOLUTION_FLAG"": 0, ""IS_CREW_FLAG"": 0, ""STOCK_TYPE"": ""SAF"", ""PO_QR_CODE"": null, ""VOC_FLAG"": 0, ""DISCONTINUED_FLAG"": 0, ""EXTRA_FIELD_1_TEXT"": null, ""EXTRA_FIELD_10_TEXT"": null, ""EXTRA_FIELD_11_TEXT"": null, ""EXTRA_FIELD_12_TEXT"": null, ""EXTRA_FIELD_13_TEXT"": null, ""EXTRA_FIELD_14_TEXT"": null, ""EXTRA_FIELD_16_TEXT"": null, ""EXTRA_FIELD_18_TEXT"": null, ""EXTRA_FIELD_2_TEXT"": null, ""EXTRA_FIELD_3_TEXT"": null, ""EXTRA_FIELD_4_TEXT"": null, ""EXTRA_FIELD_5_TEXT"": null, ""EXTRA_FIELD_6_TEXT"": null, ""EXTRA_FIELD_7_TEXT"": null, ""EXTRA_FIELD_8_TEXT"": null, ""EXTRA_FIELD_9_TEXT"": null, ""UDX_PART_NUMBER"": null, ""VOLATILE_ORGANIC_COMPOUND_FLAG"": 0, ""UO_ATS_ABC_TYPE"": null, ""UO_ATS_CATALOG_CODE"": null, ""CATEGORY_STOCK_CODE"": null, ""UO_ATS_DELIVERYTIME_FLAG"": null, ""UO_ATS_MANUFACTURER_TEXT"": null, ""UO_ATS_MINLEVEL_NUMBER"": null, ""UO_ATS_MODEL_NUMBER"": null, ""UO_ATS_ORDER_QUANTITY_COUNT"": null, ""UO_ATS_REQUIRE_TYPE"": null, ""UO_ATS_SAFETY_STOCK_NUMBER"": null, ""UO_ATS_STORE_ROOM_TEXT"": null, ""UO_ATS_UNIT_COST_AMOUNT"": null, ""UO_ATS_VENDOR_NAME"": null, ""UO_ATS_WORK_TYPE"": null, ""ITEM_DISPOSITION_DATE"": null, ""INSPECTION_TYPE"": null, ""MACHINED_FLAG"": 0, ""REG_TYPE"": null, ""SOLE_SOURCED_FLAG"": 0, ""ROWSTAMP_ID"": 4573554764, ""LOAD_DATE_TIME"": ""2026-08-12 09:02:37.375000-04:00"", ""LOAD_DATE_TIME_GMT"": ""2026-08-12 13:02:37.375000+00:00"", ""RECORD_END_DATE_TIME"": null}]",,True,DQ_TOOL,BATCH,2026-08-13 10:09:46.999656,2026-08-13 10:09:46.999656
DQ_006,VALID_VALUE_CHECK,CF_013,UDX_CORE,UDX_MAXIMO,ITEM,SENDER_SYSTEM_ID,"SENDER_SYSTEM_ID IN (UDX_UO_EXTSYS1,UDX_USH_EXTSYS1)",0.0,HIGH,250240,0,250240,0.0,PASS,False,2026-08-13 10:09:47.672633,2026-08-13 10:09:48.031798,0,01c65ad7-0620-d3a9-0054-6203140fce5a,MAXIMO_DEV_WH,SNOWFLAKE,UDX_CORE.UDX_MAXIMO.ITEM,[],,True,DQ_TOOL,BATCH,2026-08-13 10:09:48.031798,2026-08-13 10:09:48.031798
DQ_001,NOT_NULL_CHECK,CF_014,UDX_CORE,UDX_MAXIMO,ITEM,ITEM_SET_ID,ITEM_SET_ID IS NOT NULL,0.02,HIGH,250240,0,250240,0.0,PASS,False,2026-08-13 10:09:48.409323,2026-08-13 10:09:48.763286,0,01c65ad7-0620-d3a9-0054-6203140fce5e,MAXIMO_DEV_WH,SNOWFLAKE,UDX_CORE.UDX_MAXIMO.ITEM,[],,True,DQ_TOOL,BATCH,2026-08-13 10:09:48.763286,2026-08-13 10:09:48.763286
DQ_001,NOT_NULL_CHECK,CF_015,UDX_CORE,UDX_MAXIMO,ITEM,COMMODITY_GROUP_NAME,COMMODITY_GROUP_NAME IS NOT NULL,0.1,HIGH,250240,266,249974,0.0010629795396419437,PASS,False,2026-08-13 10:09:49.158242,2026-08-13 10:09:49.518449,0,01c65ad7-0620-d3a9-0054-6203140fce62,MAXIMO_DEV_WH,SNOWFLAKE,UDX_CORE.UDX_MAXIMO.ITEM,"[{""SOURCE_ID"": 4356295415460728416, ""FILE_ID"": 8061665885463209006, ""RECORD_ID"": 210590, ""ITEM_NUMBER"": ""89255"", ""ITEM_DESCRIPTION"": null, ""ROTATING_FLAG"": 0, ""LOT_TYPE"": ""NOLOT"", ""CAPITALIZED_FLAG"": 0, ""MATERIAL_SAFETY_DATA_SHEET_NUMBER"": null, ""OUTSIDE_FLAG"": 0, ""SAP_MATERIAL_NUMBER"": null, ""MANUFACTURING_DRAWING_NUMBER"": null, ""EXTRA_FIELD_21_TEXT"": null, ""DISPOSITION_DATE_TIME"": null, ""DISPOSITION_DATE_TIME_GMT"": null, ""BRANDONS_NUMBER"": null, ""ADD_AS_SPARE_PART_FLAG"": 0, ""CLASS_STRUCTURE_ID"": null, ""INSPECT_ON_RECEIPT_FLAG"": 0, ""SOURCE_SYSTEM_ID"": null, ""OWNER_SYSTEM_ID"": null, ""EXTERNAL_REFERENCE_ID"": null, ""UNIVERSAL_PART_NUMBER"": null, ""MACHINED_TEXT"": ""0"", ""EXTRA_FIELD_26_TEXT"": ""0"", ""EXTRA_FIELD_27_TEXT"": null, ""SENDER_SYSTEM_ID"": ""UDX_UO_EXTSYS1"", ""ITEM_SET_ID"": ""ITEM1"", ""ORDER_UNIT_ID"": null, ""ISSUE_UNIT_ID"": null, ""CONDITION_ENABLED_FLAG"": 0, ""METER_GROUP_NAME"": null, ""METER_NAME"": null, ""COMMODITY_GROUP_NAME"": null, ""COMMODITY_CODE"": null, ""ITEM_TYPE"": ""ITEM"", ""PRORATE_SERVICE_FLAG"": 0, ""ITEM_ID"": 210198, ""KIT_FLAG"": 0, ""LANGUAGE_CODE"": ""EN"", ""ATTACH_ASSET_ISSUE_FLAG"": 0, ""HAS_LONG_DESCRIPTION_FLAG"": 0, ""MAXIMUM_QUANTITY_ISSUED_COUNT"": null, ""STATUS_CODE"": ""PENDING"", ""STATUS_DATE_TIME"": ""2019-09-24 14:00:44.067000-04:00"", ""STATUS_DATE_TIME_GMT"": ""2019-09-24 14:00:44.067000-04:00"", ""REQUIRES_HARD_RESERVATION_FLAG"": 0, ""TAX_EXEMPT_FLAG"": 0, ""RECEIPT_TOLERANCE_NUMBER"": null, ""INTERNAL_CALIBRATION_FLAG"": 0, ""IS_MANDTE_FLAG"": 0, ""MTE_CLASSIFICATION_TEXT"": null, ""BUFFER_SOLUTION_FLAG"": 0, ""IS_CREW_FLAG"": 0, ""STOCK_TYPE"": null, ""PO_QR_CODE"": null, ""VOC_FLAG"": 0, ""DISCONTINUED_FLAG"": 0, ""EXTRA_FIELD_1_TEXT"": null, ""EXTRA_FIELD_10_TEXT"": null, ""EXTRA_FIELD_11_TEXT"": null, ""EXTRA_FIELD_12_TEXT"": null, ""EXTRA_FIELD_13_TEXT"": null, ""EXTRA_FIELD_14_TEXT"": null, ""EXTRA_FIELD_16_TEXT"": null, ""EXTRA_FIELD_18_TEXT"": null, ""EXTRA_FIELD_2_TEXT"": null, ""EXTRA_FIELD_3_TEXT"": null, ""EXTRA_FIELD_4_TEXT"": null, ""EXTRA_FIELD_5_TEXT"": null, ""EXTRA_FIELD_6_TEXT"": null, ""EXTRA_FIELD_7_TEXT"": null, ""EXTRA_FIELD_8_TEXT"": null, ""EXTRA_FIELD_9_TEXT"": null, ""UDX_PART_NUMBER"": null, ""VOLATILE_ORGANIC_COMPOUND_FLAG"": 0, ""UO_ATS_ABC_TYPE"": null, ""UO_ATS_CATALOG_CODE"": null, ""CATEGORY_STOCK_CODE"": null, ""UO_ATS_DELIVERYTIME_FLAG"": null, ""UO_ATS_MANUFACTURER_TEXT"": null, ""UO_ATS_MINLEVEL_NUMBER"": null, ""UO_ATS_MODEL_NUMBER"": null, ""UO_ATS_ORDER_QUANTITY_COUNT"": null, ""UO_ATS_REQUIRE_TYPE"": null, ""UO_ATS_SAFETY_STOCK_NUMBER"": null, ""UO_ATS_STORE_ROOM_TEXT"": null, ""UO_ATS_UNIT_COST_AMOUNT"": null, ""UO_ATS_VENDOR_NAME"": null, ""UO_ATS_WORK_TYPE"": null, ""ITEM_DISPOSITION_DATE"": null, ""INSPECTION_TYPE"": null, ""MACHINED_FLAG"": 0, ""REG_TYPE"": null, ""SOLE_SOURCED_FLAG"": 0, ""ROWSTAMP_ID"": 456618908, ""LOAD_DATE_TIME"": ""2026-08-12 09:02:37.375000-04:00"", ""LOAD_DATE_TIME_GMT"": ""2026-08-12 13:02:37.375000+00:00"", ""RECORD_END_DATE_TIME"": null}, {""SOURCE_ID"": 4356295415460728416, ""FILE_ID"": 8061665885463209006, ""RECORD_ID"": 246338, ""ITEM_NUMBER"": ""TE1000183"", ""ITEM_DESCRIPTION"": null, ""ROTATING_FLAG"": 0, ""LOT_TYPE"": ""NOLOT"", ""CAPITALIZED_FLAG"": 0, ""MATERIAL_SAFETY_DATA_SHEET_NUMBER"": null, ""OUTSIDE_FLAG"": 0, ""SAP_MATERIAL_NUMBER"": null, ""MANUFACTURING_DRAWING_NUMBER"": null, ""EXTRA_FIELD_21_TEXT"": null, ""DISPOSITION_DATE_TIME"": null, ""DISPOSITION_DATE_TIME_GMT"": null, ""BRANDONS_NUMBER"": null, ""ADD_AS_SPARE_PART_FLAG"": 0, ""CLASS_STRUCTURE_ID"": null, ""INSPECT_ON_RECEIPT_FLAG"": 0, ""SOURCE_SYSTEM_ID"": null, ""OWNER_SYSTEM_ID"": null, ""EXTERNAL_REFERENCE_ID"": null, ""UNIVERSAL_PART_NUMBER"": null, ""MACHINED_TEXT"": ""0"", ""EXTRA_FIELD_26_TEXT"": ""0"", ""EXTRA_FIELD_27_TEXT"": null, ""SENDER_SYSTEM_ID"": null, ""ITEM_SET_ID"": ""ITEM1"", ""ORDER_UNIT_ID"": null, ""ISSUE_UNIT_ID"": null, ""CONDITION_ENABLED_FLAG"": 0, ""METER_GROUP_NAME"": null, ""METER_NAME"": null, ""COMMODITY_GROUP_NAME"": null, ""COMMODITY_CODE"": null, ""ITEM_TYPE"": ""ITEM"", ""PRORATE_SERVICE_FLAG"": 0, ""ITEM_ID"": 250129, ""KIT_FLAG"": 0, ""LANGUAGE_CODE"": ""EN"", ""ATTACH_ASSET_ISSUE_FLAG"": 0, ""HAS_LONG_DESCRIPTION_FLAG"": 0, ""MAXIMUM_QUANTITY_ISSUED_COUNT"": null, ""STATUS_CODE"": ""ACTIVE"", ""STATUS_DATE_TIME"": ""2025-12-09 13:08:47.466000-05:00"", ""STATUS_DATE_TIME_GMT"": ""2025-12-09 13:08:47.466000-05:00"", ""REQUIRES_HARD_RESERVATION_FLAG"": 0, ""TAX_EXEMPT_FLAG"": 0, ""RECEIPT_TOLERANCE_NUMBER"": null, ""INTERNAL_CALIBRATION_FLAG"": 0, ""IS_MANDTE_FLAG"": 0, ""MTE_CLASSIFICATION_TEXT"": null, ""BUFFER_SOLUTION_FLAG"": 0, ""IS_CREW_FLAG"": 0, ""STOCK_TYPE"": null, ""PO_QR_CODE"": null, ""VOC_FLAG"": 0, ""DISCONTINUED_FLAG"": 0, ""EXTRA_FIELD_1_TEXT"": null, ""EXTRA_FIELD_10_TEXT"": null, ""EXTRA_FIELD_11_TEXT"": null, ""EXTRA_FIELD_12_TEXT"": null, ""EXTRA_FIELD_13_TEXT"": null, ""EXTRA_FIELD_14_TEXT"": null, ""EXTRA_FIELD_16_TEXT"": null, ""EXTRA_FIELD_18_TEXT"": null, ""EXTRA_FIELD_2_TEXT"": null, ""EXTRA_FIELD_3_TEXT"": null, ""EXTRA_FIELD_4_TEXT"": null, ""EXTRA_FIELD_5_TEXT"": null, ""EXTRA_FIELD_6_TEXT"": null, ""EXTRA_FIELD_7_TEXT"": null, ""EXTRA_FIELD_8_TEXT"": null, ""EXTRA_FIELD_9_TEXT"": null, ""UDX_PART_NUMBER"": null, ""VOLATILE_ORGANIC_COMPOUND_FLAG"": 0, ""UO_ATS_ABC_TYPE"": null, ""UO_ATS_CATALOG_CODE"": null, ""CATEGORY_STOCK_CODE"": null, ""UO_ATS_DELIVERYTIME_FLAG"": null, ""UO_ATS_MANUFACTURER_TEXT"": null, ""UO_ATS_MINLEVEL_NUMBER"": null, ""UO_ATS_MODEL_NUMBER"": null, ""UO_ATS_ORDER_QUANTITY_COUNT"": null, ""UO_ATS_REQUIRE_TYPE"": null, ""UO_ATS_SAFETY_STOCK_NUMBER"": null, ""UO_ATS_STORE_ROOM_TEXT"": null, ""UO_ATS_UNIT_COST_AMOUNT"": null, ""UO_ATS_VENDOR_NAME"": null, ""UO_ATS_WORK_TYPE"": null, ""ITEM_DISPOSITION_DATE"": null, ""INSPECTION_TYPE"": null, ""MACHINED_FLAG"": 0, ""REG_TYPE"": null, ""SOLE_SOURCED_FLAG"": 0, ""ROWSTAMP_ID"": 1021899859, ""LOAD_DATE_TIME"": ""2026-08-12 09:02:37.375000-04:00"", ""LOAD_DATE_TIME_GMT"": ""2026-08-12 13:02:37.375000+00:00"", ""RECORD_END_DATE_TIME"": null}, {""SOURCE_ID"": 4356295415460728416, ""FILE_ID"": 8061665885463209006, ""RECORD_ID"": 249908, ""ITEM_NUMBER"": ""TE1006609"", ""ITEM_DESCRIPTION"": null, ""ROTATING_FLAG"": 0, ""LOT_TYPE"": ""NOLOT"", ""CAPITALIZED_FLAG"": 0, ""MATERIAL_SAFETY_DATA_SHEET_NUMBER"": null, ""OUTSIDE_FLAG"": 0, ""SAP_MATERIAL_NUMBER"": null, ""MANUFACTURING_DRAWING_NUMBER"": null, ""EXTRA_FIELD_21_TEXT"": null, ""DISPOSITION_DATE_TIME"": null, ""DISPOSITION_DATE_TIME_GMT"": null, ""BRANDONS_NUMBER"": null, ""ADD_AS_SPARE_PART_FLAG"": 0, ""CLASS_STRUCTURE_ID"": null, ""INSPECT_ON_RECEIPT_FLAG"": 0, ""SOURCE_SYSTEM_ID"": null, ""OWNER_SYSTEM_ID"": null, ""EXTERNAL_REFERENCE_ID"": null, ""UNIVERSAL_PART_NUMBER"": null, ""MACHINED_TEXT"": ""0"", ""EXTRA_FIELD_26_TEXT"": ""0"", ""EXTRA_FIELD_27_TEXT"": null, ""SENDER_SYSTEM_ID"": null, ""ITEM_SET_ID"": ""ITEM1"", ""ORDER_UNIT_ID"": null, ""ISSUE_UNIT_ID"": null, ""CONDITION_ENABLED_FLAG"": 0, ""METER_GROUP_NAME"": null, ""METER_NAME"": null, ""COMMODITY_GROUP_NAME"": null, ""COMMODITY_CODE"": null, ""ITEM_TYPE"": ""ITEM"", ""PRORATE_SERVICE_FLAG"": 0, ""ITEM_ID"": 256157, ""KIT_FLAG"": 0, ""LANGUAGE_CODE"": ""EN"", ""ATTACH_ASSET_ISSUE_FLAG"": 0, ""HAS_LONG_DESCRIPTION_FLAG"": 0, ""MAXIMUM_QUANTITY_ISSUED_COUNT"": null, ""STATUS_CODE"": ""ACTIVE"", ""STATUS_DATE_TIME"": ""2026-04-06 15:50:17.665000-04:00"", ""STATUS_DATE_TIME_GMT"": ""2026-04-06 15:50:17.665000-04:00"", ""REQUIRES_HARD_RESERVATION_FLAG"": 0, ""TAX_EXEMPT_FLAG"": 0, ""RECEIPT_TOLERANCE_NUMBER"": null, ""INTERNAL_CALIBRATION_FLAG"": 0, ""IS_MANDTE_FLAG"": 0, ""MTE_CLASSIFICATION_TEXT"": null, ""BUFFER_SOLUTION_FLAG"": 0, ""IS_CREW_FLAG"": 0, ""STOCK_TYPE"": null, ""PO_QR_CODE"": null, ""VOC_FLAG"": 0, ""DISCONTINUED_FLAG"": 0, ""EXTRA_FIELD_1_TEXT"": null, ""EXTRA_FIELD_10_TEXT"": null, ""EXTRA_FIELD_11_TEXT"": null, ""EXTRA_FIELD_12_TEXT"": null, ""EXTRA_FIELD_13_TEXT"": null, ""EXTRA_FIELD_14_TEXT"": null, ""EXTRA_FIELD_16_TEXT"": null, ""EXTRA_FIELD_18_TEXT"": null, ""EXTRA_FIELD_2_TEXT"": null, ""EXTRA_FIELD_3_TEXT"": null, ""EXTRA_FIELD_4_TEXT"": null, ""EXTRA_FIELD_5_TEXT"": null, ""EXTRA_FIELD_6_TEXT"": null, ""EXTRA_FIELD_7_TEXT"": null, ""EXTRA_FIELD_8_TEXT"": null, ""EXTRA_FIELD_9_TEXT"": null, ""UDX_PART_NUMBER"": null, ""VOLATILE_ORGANIC_COMPOUND_FLAG"": 0, ""UO_ATS_ABC_TYPE"": null, ""UO_ATS_CATALOG_CODE"": null, ""CATEGORY_STOCK_CODE"": null, ""UO_ATS_DELIVERYTIME_FLAG"": null, ""UO_ATS_MANUFACTURER_TEXT"": null, ""UO_ATS_MINLEVEL_NUMBER"": null, ""UO_ATS_MODEL_NUMBER"": null, ""UO_ATS_ORDER_QUANTITY_COUNT"": null, ""UO_ATS_REQUIRE_TYPE"": null, ""UO_ATS_SAFETY_STOCK_NUMBER"": null, ""UO_ATS_STORE_ROOM_TEXT"": null, ""UO_ATS_UNIT_COST_AMOUNT"": null, ""UO_ATS_VENDOR_NAME"": null, ""UO_ATS_WORK_TYPE"": null, ""ITEM_DISPOSITION_DATE"": null, ""INSPECTION_TYPE"": null, ""MACHINED_FLAG"": 0, ""REG_TYPE"": null, ""SOLE_SOURCED_FLAG"": 0, ""ROWSTAMP_ID"": 2287793456, ""LOAD_DATE_TIME"": ""2026-08-12 09:02:37.375000-04:00"", ""LOAD_DATE_TIME_GMT"": ""2026-08-12 13:02:37.375000+00:00"", ""RECORD_END_DATE_TIME"": null}, {""SOURCE_ID"": 4356295415460728416, ""FILE_ID"": 8061665885463209006, ""RECORD_ID"": 249909, ""ITEM_NUMBER"": ""TE1006610"", ""ITEM_DESCRIPTION"": null, ""ROTATING_FLAG"": 0, ""LOT_TYPE"": ""NOLOT"", ""CAPITALIZED_FLAG"": 0, ""MATERIAL_SAFETY_DATA_SHEET_NUMBER"": null, ""OUTSIDE_FLAG"": 0, ""SAP_MATERIAL_NUMBER"": null, ""MANUFACTURING_DRAWING_NUMBER"": null, ""EXTRA_FIELD_21_TEXT"": null, ""DISPOSITION_DATE_TIME"": null, ""DISPOSITION_DATE_TIME_GMT"": null, ""BRANDONS_NUMBER"": null, ""ADD_AS_SPARE_PART_FLAG"": 0, ""CLASS_STRUCTURE_ID"": null, ""INSPECT_ON_RECEIPT_FLAG"": 0, ""SOURCE_SYSTEM_ID"": null, ""OWNER_SYSTEM_ID"": null, ""EXTERNAL_REFERENCE_ID"": null, ""UNIVERSAL_PART_NUMBER"": null, ""MACHINED_TEXT"": ""0"", ""EXTRA_FIELD_26_TEXT"": ""0"", ""EXTRA_FIELD_27_TEXT"": null, ""SENDER_SYSTEM_ID"": null, ""ITEM_SET_ID"": ""ITEM1"", ""ORDER_UNIT_ID"": null, ""ISSUE_UNIT_ID"": null, ""CONDITION_ENABLED_FLAG"": 0, ""METER_GROUP_NAME"": null, ""METER_NAME"": null, ""COMMODITY_GROUP_NAME"": null, ""COMMODITY_CODE"": null, ""ITEM_TYPE"": ""ITEM"", ""PRORATE_SERVICE_FLAG"": 0, ""ITEM_ID"": 256158, ""KIT_FLAG"": 0, ""LANGUAGE_CODE"": ""EN"", ""ATTACH_ASSET_ISSUE_FLAG"": 0, ""HAS_LONG_DESCRIPTION_FLAG"": 0, ""MAXIMUM_QUANTITY_ISSUED_COUNT"": null, ""STATUS_CODE"": ""ACTIVE"", ""STATUS_DATE_TIME"": ""2026-04-06 15:50:17.800000-04:00"", ""STATUS_DATE_TIME_GMT"": ""2026-04-06 15:50:17.800000-04:00"", ""REQUIRES_HARD_RESERVATION_FLAG"": 0, ""TAX_EXEMPT_FLAG"": 0, ""RECEIPT_TOLERANCE_NUMBER"": null, ""INTERNAL_CALIBRATION_FLAG"": 0, ""IS_MANDTE_FLAG"": 0, ""MTE_CLASSIFICATION_TEXT"": null, ""BUFFER_SOLUTION_FLAG"": 0, ""IS_CREW_FLAG"": 0, ""STOCK_TYPE"": null, ""PO_QR_CODE"": null, ""VOC_FLAG"": 0, ""DISCONTINUED_FLAG"": 0, ""EXTRA_FIELD_1_TEXT"": null, ""EXTRA_FIELD_10_TEXT"": null, ""EXTRA_FIELD_11_TEXT"": null, ""EXTRA_FIELD_12_TEXT"": null, ""EXTRA_FIELD_13_TEXT"": null, ""EXTRA_FIELD_14_TEXT"": null, ""EXTRA_FIELD_16_TEXT"": null, ""EXTRA_FIELD_18_TEXT"": null, ""EXTRA_FIELD_2_TEXT"": null, ""EXTRA_FIELD_3_TEXT"": null, ""EXTRA_FIELD_4_TEXT"": null, ""EXTRA_FIELD_5_TEXT"": null, ""EXTRA_FIELD_6_TEXT"": null, ""EXTRA_FIELD_7_TEXT"": null, ""EXTRA_FIELD_8_TEXT"": null, ""EXTRA_FIELD_9_TEXT"": null, ""UDX_PART_NUMBER"": null, ""VOLATILE_ORGANIC_COMPOUND_FLAG"": 0, ""UO_ATS_ABC_TYPE"": null, ""UO_ATS_CATALOG_CODE"": null, ""CATEGORY_STOCK_CODE"": null, ""UO_ATS_DELIVERYTIME_FLAG"": null, ""UO_ATS_MANUFACTURER_TEXT"": null, ""UO_ATS_MINLEVEL_NUMBER"": null, ""UO_ATS_MODEL_NUMBER"": null, ""UO_ATS_ORDER_QUANTITY_COUNT"": null, ""UO_ATS_REQUIRE_TYPE"": null, ""UO_ATS_SAFETY_STOCK_NUMBER"": null, ""UO_ATS_STORE_ROOM_TEXT"": null, ""UO_ATS_UNIT_COST_AMOUNT"": null, ""UO_ATS_VENDOR_NAME"": null, ""UO_ATS_WORK_TYPE"": null, ""ITEM_DISPOSITION_DATE"": null, ""INSPECTION_TYPE"": null, ""MACHINED_FLAG"": 0, ""REG_TYPE"": null, ""SOLE_SOURCED_FLAG"": 0, ""ROWSTAMP_ID"": 2287793470, ""LOAD_DATE_TIME"": ""2026-08-12 09:02:37.375000-04:00"", ""LOAD_DATE_TIME_GMT"": ""2026-08-12 13:02:37.375000+00:00"", ""RECORD_END_DATE_TIME"": null}, {""SOURCE_ID"": 4356295415460728416, ""FILE_ID"": 8061665885463209006, ""RECORD_ID"": 249910, ""ITEM_NUMBER"": ""TE1006611"", ""ITEM_DESCRIPTION"": null, ""ROTATING_FLAG"": 0, ""LOT_TYPE"": ""NOLOT"", ""CAPITALIZED_FLAG"": 0, ""MATERIAL_SAFETY_DATA_SHEET_NUMBER"": null, ""OUTSIDE_FLAG"": 0, ""SAP_MATERIAL_NUMBER"": null, ""MANUFACTURING_DRAWING_NUMBER"": null, ""EXTRA_FIELD_21_TEXT"": null, ""DISPOSITION_DATE_TIME"": null, ""DISPOSITION_DATE_TIME_GMT"": null, ""BRANDONS_NUMBER"": null, ""ADD_AS_SPARE_PART_FLAG"": 0, ""CLASS_STRUCTURE_ID"": null, ""INSPECT_ON_RECEIPT_FLAG"": 0, ""SOURCE_SYSTEM_ID"": null, ""OWNER_SYSTEM_ID"": null, ""EXTERNAL_REFERENCE_ID"": null, ""UNIVERSAL_PART_NUMBER"": null, ""MACHINED_TEXT"": ""0"", ""EXTRA_FIELD_26_TEXT"": ""0"", ""EXTRA_FIELD_27_TEXT"": null, ""SENDER_SYSTEM_ID"": null, ""ITEM_SET_ID"": ""ITEM1"", ""ORDER_UNIT_ID"": null, ""ISSUE_UNIT_ID"": null, ""CONDITION_ENABLED_FLAG"": 0, ""METER_GROUP_NAME"": null, ""METER_NAME"": null, ""COMMODITY_GROUP_NAME"": null, ""COMMODITY_CODE"": null, ""ITEM_TYPE"": ""ITEM"", ""PRORATE_SERVICE_FLAG"": 0, ""ITEM_ID"": 256159, ""KIT_FLAG"": 0, ""LANGUAGE_CODE"": ""EN"", ""ATTACH_ASSET_ISSUE_FLAG"": 0, ""HAS_LONG_DESCRIPTION_FLAG"": 0, ""MAXIMUM_QUANTITY_ISSUED_COUNT"": null, ""STATUS_CODE"": ""ACTIVE"", ""STATUS_DATE_TIME"": ""2026-04-06 15:50:17.882000-04:00"", ""STATUS_DATE_TIME_GMT"": ""2026-04-06 15:50:17.882000-04:00"", ""REQUIRES_HARD_RESERVATION_FLAG"": 0, ""TAX_EXEMPT_FLAG"": 0, ""RECEIPT_TOLERANCE_NUMBER"": null, ""INTERNAL_CALIBRATION_FLAG"": 0, ""IS_MANDTE_FLAG"": 0, ""MTE_CLASSIFICATION_TEXT"": null, ""BUFFER_SOLUTION_FLAG"": 0, ""IS_CREW_FLAG"": 0, ""STOCK_TYPE"": null, ""PO_QR_CODE"": null, ""VOC_FLAG"": 0, ""DISCONTINUED_FLAG"": 0, ""EXTRA_FIELD_1_TEXT"": null, ""EXTRA_FIELD_10_TEXT"": null, ""EXTRA_FIELD_11_TEXT"": null, ""EXTRA_FIELD_12_TEXT"": null, ""EXTRA_FIELD_13_TEXT"": null, ""EXTRA_FIELD_14_TEXT"": null, ""EXTRA_FIELD_16_TEXT"": null, ""EXTRA_FIELD_18_TEXT"": null, ""EXTRA_FIELD_2_TEXT"": null, ""EXTRA_FIELD_3_TEXT"": null, ""EXTRA_FIELD_4_TEXT"": null, ""EXTRA_FIELD_5_TEXT"": null, ""EXTRA_FIELD_6_TEXT"": null, ""EXTRA_FIELD_7_TEXT"": null, ""EXTRA_FIELD_8_TEXT"": null, ""EXTRA_FIELD_9_TEXT"": null, ""UDX_PART_NUMBER"": null, ""VOLATILE_ORGANIC_COMPOUND_FLAG"": 0, ""UO_ATS_ABC_TYPE"": null, ""UO_ATS_CATALOG_CODE"": null, ""CATEGORY_STOCK_CODE"": null, ""UO_ATS_DELIVERYTIME_FLAG"": null, ""UO_ATS_MANUFACTURER_TEXT"": null, ""UO_ATS_MINLEVEL_NUMBER"": null, ""UO_ATS_MODEL_NUMBER"": null, ""UO_ATS_ORDER_QUANTITY_COUNT"": null, ""UO_ATS_REQUIRE_TYPE"": null, ""UO_ATS_SAFETY_STOCK_NUMBER"": null, ""UO_ATS_STORE_ROOM_TEXT"": null, ""UO_ATS_UNIT_COST_AMOUNT"": null, ""UO_ATS_VENDOR_NAME"": null, ""UO_ATS_WORK_TYPE"": null, ""ITEM_DISPOSITION_DATE"": null, ""INSPECTION_TYPE"": null, ""MACHINED_FLAG"": 0, ""REG_TYPE"": null, ""SOLE_SOURCED_FLAG"": 0, ""ROWSTAMP_ID"": 2287793484, ""LOAD_DATE_TIME"": ""2026-08-12 09:02:37.375000-04:00"", ""LOAD_DATE_TIME_GMT"": ""2026-08-12 13:02:37.375000+00:00"", ""RECORD_END_DATE_TIME"": null}]",,True,DQ_TOOL,BATCH,2026-08-13 10:09:49.518449,2026-08-13 10:09:49.518449
DQ_001,NOT_NULL_CHECK,CF_016,UDX_CORE,UDX_MAXIMO,ITEM,ITEM_TYPE,ITEM_TYPE IS NOT NULL,0.1,HIGH,250240,0,250240,0.0,PASS,False,2026-08-13 10:09:49.915427,2026-08-13 10:09:50.307764,0,01c65ad7-0620-d3a9-0054-6203140fce66,MAXIMO_DEV_WH,SNOWFLAKE,UDX_CORE.UDX_MAXIMO.ITEM,[],,True,DQ_TOOL,BATCH,2026-08-13 10:09:50.307764,2026-08-13 10:09:50.307764
DQ_006,VALID_VALUE_CHECK,CF_017,UDX_CORE,UDX_MAXIMO,ITEM,ITEM_TYPE,"ITEM_TYPE IN (ITEM,TOOL,STDSERVICE)",0.0,HIGH,250240,0,250240,0.0,PASS,False,2026-08-13 10:09:50.727108,2026-08-13 10:09:51.128147,0,01c65ad7-0620-cd60-0054-6203140fbe3a,MAXIMO_DEV_WH,SNOWFLAKE,UDX_CORE.UDX_MAXIMO.ITEM,[],,True,DQ_TOOL,BATCH,2026-08-13 10:09:51.128147,2026-08-13 10:09:51.128147
DQ_001,NOT_NULL_CHECK,CF_018,UDX_CORE,UDX_MAXIMO,ITEM,ITEM_ID,ITEM_ID IS NOT NULL,0.02,HIGH,250240,0,250240,0.0,PASS,False,2026-08-13 10:09:51.480486,2026-08-13 10:09:51.837693,0,01c65ad7-0620-d31d-0054-6203140fe6d2,MAXIMO_DEV_WH,SNOWFLAKE,UDX_CORE.UDX_MAXIMO.ITEM,[],,True,DQ_TOOL,BATCH,2026-08-13 10:09:51.837693,2026-08-13 10:09:51.837693
DQ_001,NOT_NULL_CHECK,CF_019,UDX_CORE,UDX_MAXIMO,INVENTORY,ITEM_SET_ID,ITEM_SET_ID IS NOT NULL,0.01,HIGH,5286,0,5286,0.0,PASS,False,2026-08-13 10:09:53.629227,2026-08-13 10:09:53.995272,0,01c65ad7-0620-cee2-0054-6203140fdab2,MAXIMO_DEV_WH,SNOWFLAKE,UDX_CORE.UDX_MAXIMO.INVENTORY,[],,True,DQ_TOOL,BATCH,2026-08-13 10:09:53.995272,2026-08-13 10:09:53.995272
DQ_001,NOT_NULL_CHECK,CF_020,UDX_CORE,UDX_MAXIMO,INVENTORY,ORDER_UNIT_CODE,ORDER_UNIT_CODE IS NOT NULL,0.4,HIGH,5286,20,5266,0.0037835792659856224,PASS,False,2026-08-13 10:09:54.417546,2026-08-13 10:09:54.817293,0,01c65ad7-0620-cee2-0054-6203140fdab6,MAXIMO_DEV_WH,SNOWFLAKE,UDX_CORE.UDX_MAXIMO.INVENTORY,"[{""SOURCE_ID"": 7871340323922476290, ""FILE_ID"": 5089162437293886621, ""RECORD_ID"": 2786, ""ITEM_SET_ID"": ""ITEM1"", ""MANUFACTURER_NAME"": null, ""MODEL_NUMBER"": null, ""ORDER_UNIT_CODE"": null, ""SHRINKAGE_GL_ACCOUNT_NUMBER"": null, ""SAFETY_STOCK_NUMBER"": null, ""PRIMARY_VENDOR_CODE"": null, ""ABC_TYPE_TEXT"": null, ""DEFAULT_BIN_TEXT"": null, ""CATALOG_NUMBER"": null, ""GL_CONTROL_ACCOUNT_NUMBER"": ""R225-K-R22502002-21210001"", ""GL_ACCOUNT_NUMBER"": null, ""COST_ADJUSTMENT_GL_ACCOUNT_NUMBER"": null, ""ISSUE_UNIT_CODE"": ""EA"", ""LAST_ISSUE_DATE_TIME"": null, ""LAST_ISSUE_DATE_TIME_GMT"": null, ""ORGANIZATION_ID"": ""UHU"", ""SITE_ID"": ""LAS"", ""SOURCE_SYSTEM_ID"": null, ""OWNER_SYSTEM_ID"": null, ""EXTERNAL_REFERENCE_ID"": null, ""STOCK_CATEGORY_CODE"": ""STK"", ""COUNT_FREQUENCY_NUMBER"": 0, ""LEAD_TIME_DAYS_NUMBER"": 0, ""LAST_YEAR_NUMBER"": ""0.0000"", ""TWO_YEARS_AGO_NUMBER"": ""0.0000"", ""THREE_YEARS_AGO_NUMBER"": ""0.0000"", ""YEAR_TO_DATE_NUMBER"": ""0.0000"", ""ITEM_NUMBER"": ""2207"", ""STOREROOM_CODE"": ""1001"", ""MAX_LEVEL_NUMBER"": ""0.0000"", ""MIN_LEVEL_NUMBER"": ""0.0000"", ""ECONOMIC_ORDER_QUANTITY_COUNT"": ""1.0000"", ""SENDER_SYSTEM_ID"": null, ""INVENTORY_ID"": 117498, ""STOREROOM_NAME"": null, ""STOREROOM_SITE_ID"": null, ""INTERNAL_FLAG"": 0, ""STATUS_CODE"": ""ACTIVE"", ""STATUS_DATE_TIME"": ""2025-07-16 14:56:40.976000-04:00"", ""STATUS_DATE_TIME_GMT"": ""2025-07-16 14:56:40.976000-04:00"", ""DEFAULT_STAGE_BIN_NUMBER"": null, ""RECEIPT_TOLERANCE_PERCENT_NUMBER"": null, ""REORDER_FLAG"": 1, ""ISSUE_COST_TYPE"": ""AVERAGE"", ""REQUIRES_HARD_RESERVATION_FLAG"": 0, ""CONSIGNMENT_FLAG"": 0, ""INVOICE_GENERATION_TYPE"": null, ""FREQUENCY_NUMBER"": null, ""FREQUENCY_UNITS_TEXT"": null, ""NEXT_INVOICE_DATE"": null, ""CONSIGNMENT_VENDOR"": null, ""COUNT_GROUP_TEXT"": null, ""MINUS_TOLERANCE_COUNT"": null, ""PLUS_TOLERANCE_COUNT"": null, ""IL1_EXTRA_FIELD_TEXT"": null, ""IL2_EXTRA_FIELD_DATE"": null, ""IL3_EXTRA_FIELD_DATE"": null, ""IN19_EXTRA_FIELD_TEXT"": null, ""MININUM_LEVEL_NUMBER_2"": null, ""MINLEVEL_REORDER_NUMBER"": null, ""PART_NUMBER"": null, ""REQUIRE_TYPE"": null, ""BROKEN_PART_REPAIR_LEAD_TIME"": null, ""BROKEN_PART_PRIMAR_VENDOR_TEXT"": null, ""BROKEN_PART_SECONDARY_VENDOR_TEXT"": null, ""COUNTRY_OF_ORIGIN_TEXT"": null, ""HARMONIZED_TARIFF_SYSTEM_CODE"": null, ""UO_LAST_ISSUE_DATE_TIME"": null, ""UO_LAST_ISSUE_DATE_TIME_GMT"": null, ""ROP_MINLEVEL_NUMBER"": null, ""ROP_REQUEST_TYPE"": null, ""ROP_REQUESTOR_TEXT"": null, ""SAP_GLACCOUNT_NUMBER"": null, ""SECONDARY_VENDOR_NAME"": null, ""VENDOR_ID"": null, ""DRAWING_NUMBER"": null, ""PO_QR_CODES"": null, ""ROWSTAMP_ID"": 206235369, ""LOAD_DATE_TIME"": ""2025-10-01 23:28:51.324000-04:00"", ""LOAD_DATE_TIME_GMT"": ""2025-10-02 03:28:51.324000+00:00"", ""RECORD_END_DATE_TIME"": null}, {""SOURCE_ID"": 7871340323922476290, ""FILE_ID"": 5089162437293886621, ""RECORD_ID"": 5283, ""ITEM_SET_ID"": ""ITEM1"", ""MANUFACTURER_NAME"": null, ""MODEL_NUMBER"": null, ""ORDER_UNIT_CODE"": null, ""SHRINKAGE_GL_ACCOUNT_NUMBER"": ""R140-Z-R140R00000-133000022"", ""SAFETY_STOCK_NUMBER"": null, ""PRIMARY_VENDOR_CODE"": null, ""ABC_TYPE_TEXT"": ""C"", ""DEFAULT_BIN_TEXT"": null, ""CATALOG_NUMBER"": null, ""GL_CONTROL_ACCOUNT_NUMBER"": ""R140-Z-R140R00000-133000022"", ""GL_ACCOUNT_NUMBER"": null, ""COST_ADJUSTMENT_GL_ACCOUNT_NUMBER"": ""R140-Z-R140R00000-133000022"", ""ISSUE_UNIT_CODE"": ""EA"", ""LAST_ISSUE_DATE_TIME"": null, ""LAST_ISSUE_DATE_TIME_GMT"": null, ""ORGANIZATION_ID"": ""UOR"", ""SITE_ID"": ""UO"", ""SOURCE_SYSTEM_ID"": null, ""OWNER_SYSTEM_ID"": null, ""EXTERNAL_REFERENCE_ID"": null, ""STOCK_CATEGORY_CODE"": ""STK"", ""COUNT_FREQUENCY_NUMBER"": 540, ""LEAD_TIME_DAYS_NUMBER"": 0, ""LAST_YEAR_NUMBER"": ""0.0000"", ""TWO_YEARS_AGO_NUMBER"": ""0.0000"", ""THREE_YEARS_AGO_NUMBER"": ""0.0000"", ""YEAR_TO_DATE_NUMBER"": ""0.0000"", ""ITEM_NUMBER"": ""S00001"", ""STOREROOM_CODE"": ""B390STORE"", ""MAX_LEVEL_NUMBER"": ""0.0000"", ""MIN_LEVEL_NUMBER"": ""0.0000"", ""ECONOMIC_ORDER_QUANTITY_COUNT"": ""1.0000"", ""SENDER_SYSTEM_ID"": null, ""INVENTORY_ID"": 117380, ""STOREROOM_NAME"": null, ""STOREROOM_SITE_ID"": null, ""INTERNAL_FLAG"": 0, ""STATUS_CODE"": ""ACTIVE"", ""STATUS_DATE_TIME"": ""2025-06-18 13:49:07.246000-04:00"", ""STATUS_DATE_TIME_GMT"": ""2025-06-18 13:49:07.246000-04:00"", ""DEFAULT_STAGE_BIN_NUMBER"": null, ""RECEIPT_TOLERANCE_PERCENT_NUMBER"": null, ""REORDER_FLAG"": 1, ""ISSUE_COST_TYPE"": ""AVERAGE"", ""REQUIRES_HARD_RESERVATION_FLAG"": 0, ""CONSIGNMENT_FLAG"": 0, ""INVOICE_GENERATION_TYPE"": null, ""FREQUENCY_NUMBER"": null, ""FREQUENCY_UNITS_TEXT"": null, ""NEXT_INVOICE_DATE"": null, ""CONSIGNMENT_VENDOR"": null, ""COUNT_GROUP_TEXT"": null, ""MINUS_TOLERANCE_COUNT"": null, ""PLUS_TOLERANCE_COUNT"": null, ""IL1_EXTRA_FIELD_TEXT"": null, ""IL2_EXTRA_FIELD_DATE"": null, ""IL3_EXTRA_FIELD_DATE"": null, ""IN19_EXTRA_FIELD_TEXT"": null, ""MININUM_LEVEL_NUMBER_2"": null, ""MINLEVEL_REORDER_NUMBER"": null, ""PART_NUMBER"": null, ""REQUIRE_TYPE"": null, ""BROKEN_PART_REPAIR_LEAD_TIME"": null, ""BROKEN_PART_PRIMAR_VENDOR_TEXT"": null, ""BROKEN_PART_SECONDARY_VENDOR_TEXT"": null, ""COUNTRY_OF_ORIGIN_TEXT"": null, ""HARMONIZED_TARIFF_SYSTEM_CODE"": null, ""UO_LAST_ISSUE_DATE_TIME"": null, ""UO_LAST_ISSUE_DATE_TIME_GMT"": null, ""ROP_MINLEVEL_NUMBER"": null, ""ROP_REQUEST_TYPE"": null, ""ROP_REQUESTOR_TEXT"": null, ""SAP_GLACCOUNT_NUMBER"": null, ""SECONDARY_VENDOR_NAME"": null, ""VENDOR_ID"": null, ""DRAWING_NUMBER"": null, ""PO_QR_CODES"": null, ""ROWSTAMP_ID"": 155300061, ""LOAD_DATE_TIME"": ""2025-10-01 23:28:51.324000-04:00"", ""LOAD_DATE_TIME_GMT"": ""2025-10-02 03:28:51.324000+00:00"", ""RECORD_END_DATE_TIME"": null}, {""SOURCE_ID"": 7871340323922476290, ""FILE_ID"": 5089162437293886621, ""RECORD_ID"": 2791, ""ITEM_SET_ID"": ""ITEM1"", ""MANUFACTURER_NAME"": null, ""MODEL_NUMBER"": null, ""ORDER_UNIT_CODE"": null, ""SHRINKAGE_GL_ACCOUNT_NUMBER"": null, ""SAFETY_STOCK_NUMBER"": null, ""PRIMARY_VENDOR_CODE"": null, ""ABC_TYPE_TEXT"": null, ""DEFAULT_BIN_TEXT"": null, ""CATALOG_NUMBER"": null, ""GL_CONTROL_ACCOUNT_NUMBER"": null, ""GL_ACCOUNT_NUMBER"": null, ""COST_ADJUSTMENT_GL_ACCOUNT_NUMBER"": null, ""ISSUE_UNIT_CODE"": ""EA"", ""LAST_ISSUE_DATE_TIME"": null, ""LAST_ISSUE_DATE_TIME_GMT"": null, ""ORGANIZATION_ID"": ""UHU"", ""SITE_ID"": ""LAS"", ""SOURCE_SYSTEM_ID"": null, ""OWNER_SYSTEM_ID"": null, ""EXTERNAL_REFERENCE_ID"": null, ""STOCK_CATEGORY_CODE"": ""STK"", ""COUNT_FREQUENCY_NUMBER"": 0, ""LEAD_TIME_DAYS_NUMBER"": 0, ""LAST_YEAR_NUMBER"": ""0.0000"", ""TWO_YEARS_AGO_NUMBER"": ""0.0000"", ""THREE_YEARS_AGO_NUMBER"": ""0.0000"", ""YEAR_TO_DATE_NUMBER"": ""0.0000"", ""ITEM_NUMBER"": ""AUT1001"", ""STOREROOM_CODE"": ""UHUMASTER"", ""MAX_LEVEL_NUMBER"": ""0.0000"", ""MIN_LEVEL_NUMBER"": ""0.0000"", ""ECONOMIC_ORDER_QUANTITY_COUNT"": ""1.0000"", ""SENDER_SYSTEM_ID"": null, ""INVENTORY_ID"": 117513, ""STOREROOM_NAME"": null, ""STOREROOM_SITE_ID"": null, ""INTERNAL_FLAG"": 0, ""STATUS_CODE"": ""ACTIVE"", ""STATUS_DATE_TIME"": ""2025-07-25 02:40:48.110000-04:00"", ""STATUS_DATE_TIME_GMT"": ""2025-07-25 02:40:48.110000-04:00"", ""DEFAULT_STAGE_BIN_NUMBER"": null, ""RECEIPT_TOLERANCE_PERCENT_NUMBER"": null, ""REORDER_FLAG"": 1, ""ISSUE_COST_TYPE"": ""AVERAGE"", ""REQUIRES_HARD_RESERVATION_FLAG"": 0, ""CONSIGNMENT_FLAG"": 0, ""INVOICE_GENERATION_TYPE"": null, ""FREQUENCY_NUMBER"": null, ""FREQUENCY_UNITS_TEXT"": null, ""NEXT_INVOICE_DATE"": null, ""CONSIGNMENT_VENDOR"": null, ""COUNT_GROUP_TEXT"": null, ""MINUS_TOLERANCE_COUNT"": null, ""PLUS_TOLERANCE_COUNT"": null, ""IL1_EXTRA_FIELD_TEXT"": null, ""IL2_EXTRA_FIELD_DATE"": null, ""IL3_EXTRA_FIELD_DATE"": null, ""IN19_EXTRA_FIELD_TEXT"": null, ""MININUM_LEVEL_NUMBER_2"": null, ""MINLEVEL_REORDER_NUMBER"": null, ""PART_NUMBER"": null, ""REQUIRE_TYPE"": null, ""BROKEN_PART_REPAIR_LEAD_TIME"": null, ""BROKEN_PART_PRIMAR_VENDOR_TEXT"": null, ""BROKEN_PART_SECONDARY_VENDOR_TEXT"": null, ""COUNTRY_OF_ORIGIN_TEXT"": null, ""HARMONIZED_TARIFF_SYSTEM_CODE"": null, ""UO_LAST_ISSUE_DATE_TIME"": null, ""UO_LAST_ISSUE_DATE_TIME_GMT"": null, ""ROP_MINLEVEL_NUMBER"": null, ""ROP_REQUEST_TYPE"": null, ""ROP_REQUESTOR_TEXT"": null, ""SAP_GLACCOUNT_NUMBER"": null, ""SECONDARY_VENDOR_NAME"": null, ""VENDOR_ID"": null, ""DRAWING_NUMBER"": null, ""PO_QR_CODES"": null, ""ROWSTAMP_ID"": 222371212, ""LOAD_DATE_TIME"": ""2025-10-01 23:28:51.324000-04:00"", ""LOAD_DATE_TIME_GMT"": ""2025-10-02 03:28:51.324000+00:00"", ""RECORD_END_DATE_TIME"": null}, {""SOURCE_ID"": 7871340323922476290, ""FILE_ID"": 5089162437293886621, ""RECORD_ID"": 5282, ""ITEM_SET_ID"": ""ITEM1"", ""MANUFACTURER_NAME"": null, ""MODEL_NUMBER"": null, ""ORDER_UNIT_CODE"": null, ""SHRINKAGE_GL_ACCOUNT_NUMBER"": ""R140-Z-R140R00000-133000022"", ""SAFETY_STOCK_NUMBER"": null, ""PRIMARY_VENDOR_CODE"": null, ""ABC_TYPE_TEXT"": ""C"", ""DEFAULT_BIN_TEXT"": null, ""CATALOG_NUMBER"": null, ""GL_CONTROL_ACCOUNT_NUMBER"": ""R140-Z-R140R00000-133000022"", ""GL_ACCOUNT_NUMBER"": null, ""COST_ADJUSTMENT_GL_ACCOUNT_NUMBER"": ""R140-Z-R140R00000-133000022"", ""ISSUE_UNIT_CODE"": ""EA"", ""LAST_ISSUE_DATE_TIME"": null, ""LAST_ISSUE_DATE_TIME_GMT"": null, ""ORGANIZATION_ID"": ""UOR"", ""SITE_ID"": ""UO"", ""SOURCE_SYSTEM_ID"": null, ""OWNER_SYSTEM_ID"": null, ""EXTERNAL_REFERENCE_ID"": null, ""STOCK_CATEGORY_CODE"": ""STK"", ""COUNT_FREQUENCY_NUMBER"": 540, ""LEAD_TIME_DAYS_NUMBER"": 0, ""LAST_YEAR_NUMBER"": ""0.0000"", ""TWO_YEARS_AGO_NUMBER"": ""0.0000"", ""THREE_YEARS_AGO_NUMBER"": ""0.0000"", ""YEAR_TO_DATE_NUMBER"": ""0.0000"", ""ITEM_NUMBER"": ""TEST_ITEM"", ""STOREROOM_CODE"": ""MASTER"", ""MAX_LEVEL_NUMBER"": ""0.0000"", ""MIN_LEVEL_NUMBER"": ""0.0000"", ""ECONOMIC_ORDER_QUANTITY_COUNT"": ""1.0000"", ""SENDER_SYSTEM_ID"": null, ""INVENTORY_ID"": 117374, ""STOREROOM_NAME"": null, ""STOREROOM_SITE_ID"": null, ""INTERNAL_FLAG"": 0, ""STATUS_CODE"": ""ACTIVE"", ""STATUS_DATE_TIME"": ""2025-06-04 10:50:52.230000-04:00"", ""STATUS_DATE_TIME_GMT"": ""2025-06-04 10:50:52.230000-04:00"", ""DEFAULT_STAGE_BIN_NUMBER"": null, ""RECEIPT_TOLERANCE_PERCENT_NUMBER"": null, ""REORDER_FLAG"": 1, ""ISSUE_COST_TYPE"": ""AVERAGE"", ""REQUIRES_HARD_RESERVATION_FLAG"": 0, ""CONSIGNMENT_FLAG"": 0, ""INVOICE_GENERATION_TYPE"": null, ""FREQUENCY_NUMBER"": null, ""FREQUENCY_UNITS_TEXT"": null, ""NEXT_INVOICE_DATE"": null, ""CONSIGNMENT_VENDOR"": null, ""COUNT_GROUP_TEXT"": null, ""MINUS_TOLERANCE_COUNT"": null, ""PLUS_TOLERANCE_COUNT"": null, ""IL1_EXTRA_FIELD_TEXT"": null, ""IL2_EXTRA_FIELD_DATE"": null, ""IL3_EXTRA_FIELD_DATE"": null, ""IN19_EXTRA_FIELD_TEXT"": null, ""MININUM_LEVEL_NUMBER_2"": null, ""MINLEVEL_REORDER_NUMBER"": null, ""PART_NUMBER"": null, ""REQUIRE_TYPE"": null, ""BROKEN_PART_REPAIR_LEAD_TIME"": null, ""BROKEN_PART_PRIMAR_VENDOR_TEXT"": null, ""BROKEN_PART_SECONDARY_VENDOR_TEXT"": null, ""COUNTRY_OF_ORIGIN_TEXT"": null, ""HARMONIZED_TARIFF_SYSTEM_CODE"": null, ""UO_LAST_ISSUE_DATE_TIME"": null, ""UO_LAST_ISSUE_DATE_TIME_GMT"": null, ""ROP_MINLEVEL_NUMBER"": null, ""ROP_REQUEST_TYPE"": null, ""ROP_REQUESTOR_TEXT"": null, ""SAP_GLACCOUNT_NUMBER"": null, ""SECONDARY_VENDOR_NAME"": null, ""VENDOR_ID"": null, ""DRAWING_NUMBER"": null, ""PO_QR_CODES"": null, ""ROWSTAMP_ID"": 141996038, ""LOAD_DATE_TIME"": ""2025-10-01 23:28:51.324000-04:00"", ""LOAD_DATE_TIME_GMT"": ""2025-10-02 03:28:51.324000+00:00"", ""RECORD_END_DATE_TIME"": null}, {""SOURCE_ID"": 7871340323922476290, ""FILE_ID"": 5089162437293886621, ""RECORD_ID"": 2787, ""ITEM_SET_ID"": ""ITEM1"", ""MANUFACTURER_NAME"": null, ""MODEL_NUMBER"": null, ""ORDER_UNIT_CODE"": null, ""SHRINKAGE_GL_ACCOUNT_NUMBER"": null, ""SAFETY_STOCK_NUMBER"": null, ""PRIMARY_VENDOR_CODE"": null, ""ABC_TYPE_TEXT"": null, ""DEFAULT_BIN_TEXT"": null, ""CATALOG_NUMBER"": null, ""GL_CONTROL_ACCOUNT_NUMBER"": ""R225-K-R22502002-21210001"", ""GL_ACCOUNT_NUMBER"": null, ""COST_ADJUSTMENT_GL_ACCOUNT_NUMBER"": null, ""ISSUE_UNIT_CODE"": ""EA"", ""LAST_ISSUE_DATE_TIME"": null, ""LAST_ISSUE_DATE_TIME_GMT"": null, ""ORGANIZATION_ID"": ""UHU"", ""SITE_ID"": ""LAS"", ""SOURCE_SYSTEM_ID"": null, ""OWNER_SYSTEM_ID"": null, ""EXTERNAL_REFERENCE_ID"": null, ""STOCK_CATEGORY_CODE"": ""STK"", ""COUNT_FREQUENCY_NUMBER"": 0, ""LEAD_TIME_DAYS_NUMBER"": 0, ""LAST_YEAR_NUMBER"": ""0.0000"", ""TWO_YEARS_AGO_NUMBER"": ""0.0000"", ""THREE_YEARS_AGO_NUMBER"": ""0.0000"", ""YEAR_TO_DATE_NUMBER"": ""0.0000"", ""ITEM_NUMBER"": ""2204"", ""STOREROOM_CODE"": ""1001"", ""MAX_LEVEL_NUMBER"": ""0.0000"", ""MIN_LEVEL_NUMBER"": ""0.0000"", ""ECONOMIC_ORDER_QUANTITY_COUNT"": ""1.0000"", ""SENDER_SYSTEM_ID"": null, ""INVENTORY_ID"": 117500, ""STOREROOM_NAME"": null, ""STOREROOM_SITE_ID"": null, ""INTERNAL_FLAG"": 0, ""STATUS_CODE"": ""ACTIVE"", ""STATUS_DATE_TIME"": ""2025-07-16 16:27:55.017000-04:00"", ""STATUS_DATE_TIME_GMT"": ""2025-07-16 16:27:55.017000-04:00"", ""DEFAULT_STAGE_BIN_NUMBER"": null, ""RECEIPT_TOLERANCE_PERCENT_NUMBER"": null, ""REORDER_FLAG"": 1, ""ISSUE_COST_TYPE"": ""AVERAGE"", ""REQUIRES_HARD_RESERVATION_FLAG"": 0, ""CONSIGNMENT_FLAG"": 0, ""INVOICE_GENERATION_TYPE"": null, ""FREQUENCY_NUMBER"": null, ""FREQUENCY_UNITS_TEXT"": null, ""NEXT_INVOICE_DATE"": null, ""CONSIGNMENT_VENDOR"": null, ""COUNT_GROUP_TEXT"": null, ""MINUS_TOLERANCE_COUNT"": null, ""PLUS_TOLERANCE_COUNT"": null, ""IL1_EXTRA_FIELD_TEXT"": null, ""IL2_EXTRA_FIELD_DATE"": null, ""IL3_EXTRA_FIELD_DATE"": null, ""IN19_EXTRA_FIELD_TEXT"": null, ""MININUM_LEVEL_NUMBER_2"": null, ""MINLEVEL_REORDER_NUMBER"": null, ""PART_NUMBER"": null, ""REQUIRE_TYPE"": null, ""BROKEN_PART_REPAIR_LEAD_TIME"": null, ""BROKEN_PART_PRIMAR_VENDOR_TEXT"": null, ""BROKEN_PART_SECONDARY_VENDOR_TEXT"": null, ""COUNTRY_OF_ORIGIN_TEXT"": null, ""HARMONIZED_TARIFF_SYSTEM_CODE"": null, ""UO_LAST_ISSUE_DATE_TIME"": null, ""UO_LAST_ISSUE_DATE_TIME_GMT"": null, ""ROP_MINLEVEL_NUMBER"": null, ""ROP_REQUEST_TYPE"": null, ""ROP_REQUESTOR_TEXT"": null, ""SAP_GLACCOUNT_NUMBER"": null, ""SECONDARY_VENDOR_NAME"": null, ""VENDOR_ID"": null, ""DRAWING_NUMBER"": null, ""PO_QR_CODES"": null, ""ROWSTAMP_ID"": 206317405, ""LOAD_DATE_TIME"": ""2025-10-01 23:28:51.324000-04:00"", ""LOAD_DATE_TIME_GMT"": ""2025-10-02 03:28:51.324000+00:00"", ""RECORD_END_DATE_TIME"": null}]",,True,DQ_TOOL,BATCH,2026-08-13 10:09:54.817293,2026-08-13 10:09:54.817293
DQ_001,NOT_NULL_CHECK,CF_021,UDX_CORE,UDX_MAXIMO,INVENTORY,SAFETY_STOCK_NUMBER,SAFETY_STOCK_NUMBER IS NOT NULL,0.0,HIGH,5286,4119,1167,0.779228149829739,FAIL,True,2026-08-13 10:09:55.206078,2026-08-13 10:09:55.578460,0,01c65ad7-0620-d3a9-0054-6203140fce76,MAXIMO_DEV_WH,SNOWFLAKE,UDX_CORE.UDX_MAXIMO.INVENTORY,"[{""SOURCE_ID"": 7871340323922476290, ""FILE_ID"": 5089162437293886621, ""RECORD_ID"": 485, ""ITEM_SET_ID"": ""ITEM1"", ""MANUFACTURER_NAME"": ""SUNHYDRA"", ""MODEL_NUMBER"": ""CXJA-XAN"", ""ORDER_UNIT_CODE"": ""EA"", ""SHRINKAGE_GL_ACCOUNT_NUMBER"": ""R100-W-003901072"", ""SAFETY_STOCK_NUMBER"": null, ""PRIMARY_VENDOR_CODE"": null, ""ABC_TYPE_TEXT"": null, ""DEFAULT_BIN_TEXT"": ""LIQS"", ""CATALOG_NUMBER"": null, ""GL_CONTROL_ACCOUNT_NUMBER"": ""R100-W-003900103"", ""GL_ACCOUNT_NUMBER"": null, ""COST_ADJUSTMENT_GL_ACCOUNT_NUMBER"": ""R100-W-003900103"", ""ISSUE_UNIT_CODE"": ""EA"", ""LAST_ISSUE_DATE_TIME"": ""2024-10-30 08:47:00-04:00"", ""LAST_ISSUE_DATE_TIME_GMT"": ""2024-10-30 08:47:00-04:00"", ""ORGANIZATION_ID"": ""USH"", ""SITE_ID"": ""UCH"", ""SOURCE_SYSTEM_ID"": null, ""OWNER_SYSTEM_ID"": null, ""EXTERNAL_REFERENCE_ID"": null, ""STOCK_CATEGORY_CODE"": ""STK"", ""COUNT_FREQUENCY_NUMBER"": 0, ""LEAD_TIME_DAYS_NUMBER"": 0, ""LAST_YEAR_NUMBER"": ""1.0000"", ""TWO_YEARS_AGO_NUMBER"": ""0.0000"", ""THREE_YEARS_AGO_NUMBER"": ""0.0000"", ""YEAR_TO_DATE_NUMBER"": ""0.0000"", ""ITEM_NUMBER"": ""HYD0884"", ""STOREROOM_CODE"": ""LIQS"", ""MAX_LEVEL_NUMBER"": ""0.0000"", ""MIN_LEVEL_NUMBER"": ""0.0000"", ""ECONOMIC_ORDER_QUANTITY_COUNT"": ""1.0000"", ""SENDER_SYSTEM_ID"": null, ""INVENTORY_ID"": 20768, ""STOREROOM_NAME"": null, ""STOREROOM_SITE_ID"": null, ""INTERNAL_FLAG"": 0, ""STATUS_CODE"": ""ACTIVE"", ""STATUS_DATE_TIME"": ""2024-10-23 06:24:41-04:00"", ""STATUS_DATE_TIME_GMT"": ""2024-10-23 06:24:41-04:00"", ""DEFAULT_STAGE_BIN_NUMBER"": null, ""RECEIPT_TOLERANCE_PERCENT_NUMBER"": null, ""REORDER_FLAG"": 0, ""ISSUE_COST_TYPE"": ""AVERAGE"", ""REQUIRES_HARD_RESERVATION_FLAG"": 0, ""CONSIGNMENT_FLAG"": 0, ""INVOICE_GENERATION_TYPE"": null, ""FREQUENCY_NUMBER"": null, ""FREQUENCY_UNITS_TEXT"": null, ""NEXT_INVOICE_DATE"": null, ""CONSIGNMENT_VENDOR"": null, ""COUNT_GROUP_TEXT"": null, ""MINUS_TOLERANCE_COUNT"": null, ""PLUS_TOLERANCE_COUNT"": null, ""IL1_EXTRA_FIELD_TEXT"": null, ""IL2_EXTRA_FIELD_DATE"": null, ""IL3_EXTRA_FIELD_DATE"": null, ""IN19_EXTRA_FIELD_TEXT"": null, ""MININUM_LEVEL_NUMBER_2"": null, ""MINLEVEL_REORDER_NUMBER"": null, ""PART_NUMBER"": null, ""REQUIRE_TYPE"": null, ""BROKEN_PART_REPAIR_LEAD_TIME"": null, ""BROKEN_PART_PRIMAR_VENDOR_TEXT"": null, ""BROKEN_PART_SECONDARY_VENDOR_TEXT"": null, ""COUNTRY_OF_ORIGIN_TEXT"": null, ""HARMONIZED_TARIFF_SYSTEM_CODE"": null, ""UO_LAST_ISSUE_DATE_TIME"": null, ""UO_LAST_ISSUE_DATE_TIME_GMT"": null, ""ROP_MINLEVEL_NUMBER"": null, ""ROP_REQUEST_TYPE"": null, ""ROP_REQUESTOR_TEXT"": null, ""SAP_GLACCOUNT_NUMBER"": null, ""SECONDARY_VENDOR_NAME"": null, ""VENDOR_ID"": null, ""DRAWING_NUMBER"": null, ""PO_QR_CODES"": null, ""ROWSTAMP_ID"": 57234135, ""LOAD_DATE_TIME"": ""2025-10-01 23:28:51.324000-04:00"", ""LOAD_DATE_TIME_GMT"": ""2025-10-02 03:28:51.324000+00:00"", ""RECORD_END_DATE_TIME"": null}, {""SOURCE_ID"": 7871340323922476290, ""FILE_ID"": 5089162437293886621, ""RECORD_ID"": 3421, ""ITEM_SET_ID"": ""ITEM1"", ""MANUFACTURER_NAME"": ""MARLOW"", ""MODEL_NUMBER"": ""6-11SC"", ""ORDER_UNIT_CODE"": ""EA"", ""SHRINKAGE_GL_ACCOUNT_NUMBER"": ""R140-Z-R140R00000"", ""SAFETY_STOCK_NUMBER"": null, ""PRIMARY_VENDOR_CODE"": null, ""ABC_TYPE_TEXT"": ""A"", ""DEFAULT_BIN_TEXT"": ""301006D2"", ""CATALOG_NUMBER"": null, ""GL_CONTROL_ACCOUNT_NUMBER"": ""R140-Z-R140R00000"", ""GL_ACCOUNT_NUMBER"": null, ""COST_ADJUSTMENT_GL_ACCOUNT_NUMBER"": ""R140-Z-R140R00000"", ""ISSUE_UNIT_CODE"": ""EA"", ""LAST_ISSUE_DATE_TIME"": null, ""LAST_ISSUE_DATE_TIME_GMT"": null, ""ORGANIZATION_ID"": ""UOR"", ""SITE_ID"": ""UO"", ""SOURCE_SYSTEM_ID"": null, ""OWNER_SYSTEM_ID"": null, ""EXTERNAL_REFERENCE_ID"": null, ""STOCK_CATEGORY_CODE"": ""STK"", ""COUNT_FREQUENCY_NUMBER"": 180, ""LEAD_TIME_DAYS_NUMBER"": 0, ""LAST_YEAR_NUMBER"": ""0.0000"", ""TWO_YEARS_AGO_NUMBER"": ""0.0000"", ""THREE_YEARS_AGO_NUMBER"": ""0.0000"", ""YEAR_TO_DATE_NUMBER"": ""0.0000"", ""ITEM_NUMBER"": ""128-89101"", ""STOREROOM_CODE"": ""EPICUNIVERSE"", ""MAX_LEVEL_NUMBER"": ""0.0000"", ""MIN_LEVEL_NUMBER"": ""0.0000"", ""ECONOMIC_ORDER_QUANTITY_COUNT"": ""1.0000"", ""SENDER_SYSTEM_ID"": ""UDX_UO_EXTSYS1"", ""INVENTORY_ID"": 87077, ""STOREROOM_NAME"": null, ""STOREROOM_SITE_ID"": null, ""INTERNAL_FLAG"": 0, ""STATUS_CODE"": ""ACTIVE"", ""STATUS_DATE_TIME"": ""2025-02-19 10:15:00-05:00"", ""STATUS_DATE_TIME_GMT"": ""2025-02-19 10:15:00-05:00"", ""DEFAULT_STAGE_BIN_NUMBER"": null, ""RECEIPT_TOLERANCE_PERCENT_NUMBER"": null, ""REORDER_FLAG"": 0, ""ISSUE_COST_TYPE"": ""AVERAGE"", ""REQUIRES_HARD_RESERVATION_FLAG"": 0, ""CONSIGNMENT_FLAG"": 0, ""INVOICE_GENERATION_TYPE"": null, ""FREQUENCY_NUMBER"": null, ""FREQUENCY_UNITS_TEXT"": null, ""NEXT_INVOICE_DATE"": null, ""CONSIGNMENT_VENDOR"": null, ""COUNT_GROUP_TEXT"": null, ""MINUS_TOLERANCE_COUNT"": null, ""PLUS_TOLERANCE_COUNT"": null, ""IL1_EXTRA_FIELD_TEXT"": ""TECHSERV"", ""IL2_EXTRA_FIELD_DATE"": null, ""IL3_EXTRA_FIELD_DATE"": null, ""IN19_EXTRA_FIELD_TEXT"": null, ""MININUM_LEVEL_NUMBER_2"": null, ""MINLEVEL_REORDER_NUMBER"": null, ""PART_NUMBER"": null, ""REQUIRE_TYPE"": null, ""BROKEN_PART_REPAIR_LEAD_TIME"": null, ""BROKEN_PART_PRIMAR_VENDOR_TEXT"": null, ""BROKEN_PART_SECONDARY_VENDOR_TEXT"": null, ""COUNTRY_OF_ORIGIN_TEXT"": null, ""HARMONIZED_TARIFF_SYSTEM_CODE"": null, ""UO_LAST_ISSUE_DATE_TIME"": null, ""UO_LAST_ISSUE_DATE_TIME_GMT"": null, ""ROP_MINLEVEL_NUMBER"": null, ""ROP_REQUEST_TYPE"": null, ""ROP_REQUESTOR_TEXT"": null, ""SAP_GLACCOUNT_NUMBER"": null, ""SECONDARY_VENDOR_NAME"": null, ""VENDOR_ID"": null, ""DRAWING_NUMBER"": null, ""PO_QR_CODES"": null, ""ROWSTAMP_ID"": 96430503, ""LOAD_DATE_TIME"": ""2025-10-01 23:28:51.324000-04:00"", ""LOAD_DATE_TIME_GMT"": ""2025-10-02 03:28:51.324000+00:00"", ""RECORD_END_DATE_TIME"": null}, {""SOURCE_ID"": 7871340323922476290, ""FILE_ID"": 5089162437293886621, ""RECORD_ID"": 2520, ""ITEM_SET_ID"": ""ITEM1"", ""MANUFACTURER_NAME"": ""PHOENIXCONTACT"", ""MODEL_NUMBER"": ""2800929"", ""ORDER_UNIT_CODE"": ""EA"", ""SHRINKAGE_GL_ACCOUNT_NUMBER"": ""R140-Z-R140R00000"", ""SAFETY_STOCK_NUMBER"": null, ""PRIMARY_VENDOR_CODE"": null, ""ABC_TYPE_TEXT"": ""C"", ""DEFAULT_BIN_TEXT"": ""EPICWALL"", ""CATALOG_NUMBER"": null, ""GL_CONTROL_ACCOUNT_NUMBER"": ""R140-Z-R140R00000"", ""GL_ACCOUNT_NUMBER"": null, ""COST_ADJUSTMENT_GL_ACCOUNT_NUMBER"": ""R140-Z-R140R00000"", ""ISSUE_UNIT_CODE"": ""EA"", ""LAST_ISSUE_DATE_TIME"": null, ""LAST_ISSUE_DATE_TIME_GMT"": null, ""ORGANIZATION_ID"": ""UOR"", ""SITE_ID"": ""UO"", ""SOURCE_SYSTEM_ID"": null, ""OWNER_SYSTEM_ID"": null, ""EXTERNAL_REFERENCE_ID"": null, ""STOCK_CATEGORY_CODE"": ""STK"", ""COUNT_FREQUENCY_NUMBER"": 540, ""LEAD_TIME_DAYS_NUMBER"": 0, ""LAST_YEAR_NUMBER"": ""0.0000"", ""TWO_YEARS_AGO_NUMBER"": ""0.0000"", ""THREE_YEARS_AGO_NUMBER"": ""0.0000"", ""YEAR_TO_DATE_NUMBER"": ""0.0000"", ""ITEM_NUMBER"": ""104-91958"", ""STOREROOM_CODE"": ""EPICUNIVERSE"", ""MAX_LEVEL_NUMBER"": ""0.0000"", ""MIN_LEVEL_NUMBER"": ""0.0000"", ""ECONOMIC_ORDER_QUANTITY_COUNT"": ""1.0000"", ""SENDER_SYSTEM_ID"": ""UDX_UO_EXTSYS1"", ""INVENTORY_ID"": 68794, ""STOREROOM_NAME"": null, ""STOREROOM_SITE_ID"": null, ""INTERNAL_FLAG"": 0, ""STATUS_CODE"": ""ACTIVE"", ""STATUS_DATE_TIME"": ""2025-04-24 16:07:37-04:00"", ""STATUS_DATE_TIME_GMT"": ""2025-04-24 16:07:37-04:00"", ""DEFAULT_STAGE_BIN_NUMBER"": null, ""RECEIPT_TOLERANCE_PERCENT_NUMBER"": null, ""REORDER_FLAG"": 0, ""ISSUE_COST_TYPE"": ""AVERAGE"", ""REQUIRES_HARD_RESERVATION_FLAG"": 0, ""CONSIGNMENT_FLAG"": 0, ""INVOICE_GENERATION_TYPE"": null, ""FREQUENCY_NUMBER"": null, ""FREQUENCY_UNITS_TEXT"": null, ""NEXT_INVOICE_DATE"": null, ""CONSIGNMENT_VENDOR"": null, ""COUNT_GROUP_TEXT"": null, ""MINUS_TOLERANCE_COUNT"": null, ""PLUS_TOLERANCE_COUNT"": null, ""IL1_EXTRA_FIELD_TEXT"": ""TECHSERV"", ""IL2_EXTRA_FIELD_DATE"": null, ""IL3_EXTRA_FIELD_DATE"": null, ""IN19_EXTRA_FIELD_TEXT"": null, ""MININUM_LEVEL_NUMBER_2"": null, ""MINLEVEL_REORDER_NUMBER"": null, ""PART_NUMBER"": null, ""REQUIRE_TYPE"": null, ""BROKEN_PART_REPAIR_LEAD_TIME"": null, ""BROKEN_PART_PRIMAR_VENDOR_TEXT"": null, ""BROKEN_PART_SECONDARY_VENDOR_TEXT"": null, ""COUNTRY_OF_ORIGIN_TEXT"": null, ""HARMONIZED_TARIFF_SYSTEM_CODE"": null, ""UO_LAST_ISSUE_DATE_TIME"": null, ""UO_LAST_ISSUE_DATE_TIME_GMT"": null, ""ROP_MINLEVEL_NUMBER"": ""0.0000"", ""ROP_REQUEST_TYPE"": null, ""ROP_REQUESTOR_TEXT"": null, ""SAP_GLACCOUNT_NUMBER"": null, ""SECONDARY_VENDOR_NAME"": null, ""VENDOR_ID"": ""0000161463"", ""DRAWING_NUMBER"": null, ""PO_QR_CODES"": null, ""ROWSTAMP_ID"": 191389979, ""LOAD_DATE_TIME"": ""2025-10-01 23:28:51.324000-04:00"", ""LOAD_DATE_TIME_GMT"": ""2025-10-02 03:28:51.324000+00:00"", ""RECORD_END_DATE_TIME"": null}, {""SOURCE_ID"": 7871340323922476290, ""FILE_ID"": 5089162437293886621, ""RECORD_ID"": 3722, ""ITEM_SET_ID"": ""ITEM1"", ""MANUFACTURER_NAME"": ""ALLENBRADLEY"", ""MODEL_NUMBER"": ""2198-D012-ERS3"", ""ORDER_UNIT_CODE"": ""EA"", ""SHRINKAGE_GL_ACCOUNT_NUMBER"": ""R140-Z-R140R00000"", ""SAFETY_STOCK_NUMBER"": null, ""PRIMARY_VENDOR_CODE"": null, ""ABC_TYPE_TEXT"": ""A"", ""DEFAULT_BIN_TEXT"": ""202011B1"", ""CATALOG_NUMBER"": null, ""GL_CONTROL_ACCOUNT_NUMBER"": ""R140-Z-R140R00000"", ""GL_ACCOUNT_NUMBER"": null, ""COST_ADJUSTMENT_GL_ACCOUNT_NUMBER"": ""R140-Z-R140R00000"", ""ISSUE_UNIT_CODE"": ""EA"", ""LAST_ISSUE_DATE_TIME"": null, ""LAST_ISSUE_DATE_TIME_GMT"": null, ""ORGANIZATION_ID"": ""UOR"", ""SITE_ID"": ""UO"", ""SOURCE_SYSTEM_ID"": null, ""OWNER_SYSTEM_ID"": null, ""EXTERNAL_REFERENCE_ID"": null, ""STOCK_CATEGORY_CODE"": ""INSURANCE"", ""COUNT_FREQUENCY_NUMBER"": 180, ""LEAD_TIME_DAYS_NUMBER"": 0, ""LAST_YEAR_NUMBER"": ""0.0000"", ""TWO_YEARS_AGO_NUMBER"": ""0.0000"", ""THREE_YEARS_AGO_NUMBER"": ""0.0000"", ""YEAR_TO_DATE_NUMBER"": ""0.0000"", ""ITEM_NUMBER"": ""136-89511"", ""STOREROOM_CODE"": ""EPICUNIVERSE"", ""MAX_LEVEL_NUMBER"": ""0.0000"", ""MIN_LEVEL_NUMBER"": ""0.0000"", ""ECONOMIC_ORDER_QUANTITY_COUNT"": ""1.0000"", ""SENDER_SYSTEM_ID"": ""UDX_UO_EXTSYS1"", ""INVENTORY_ID"": 93723, ""STOREROOM_NAME"": null, ""STOREROOM_SITE_ID"": null, ""INTERNAL_FLAG"": 0, ""STATUS_CODE"": ""ACTIVE"", ""STATUS_DATE_TIME"": ""2025-04-24 16:02:37-04:00"", ""STATUS_DATE_TIME_GMT"": ""2025-04-24 16:02:37-04:00"", ""DEFAULT_STAGE_BIN_NUMBER"": null, ""RECEIPT_TOLERANCE_PERCENT_NUMBER"": null, ""REORDER_FLAG"": 0, ""ISSUE_COST_TYPE"": ""AVERAGE"", ""REQUIRES_HARD_RESERVATION_FLAG"": 0, ""CONSIGNMENT_FLAG"": 0, ""INVOICE_GENERATION_TYPE"": null, ""FREQUENCY_NUMBER"": null, ""FREQUENCY_UNITS_TEXT"": null, ""NEXT_INVOICE_DATE"": null, ""CONSIGNMENT_VENDOR"": null, ""COUNT_GROUP_TEXT"": null, ""MINUS_TOLERANCE_COUNT"": null, ""PLUS_TOLERANCE_COUNT"": null, ""IL1_EXTRA_FIELD_TEXT"": ""TECHSERV"", ""IL2_EXTRA_FIELD_DATE"": null, ""IL3_EXTRA_FIELD_DATE"": null, ""IN19_EXTRA_FIELD_TEXT"": null, ""MININUM_LEVEL_NUMBER_2"": null, ""MINLEVEL_REORDER_NUMBER"": null, ""PART_NUMBER"": null, ""REQUIRE_TYPE"": null, ""BROKEN_PART_REPAIR_LEAD_TIME"": null, ""BROKEN_PART_PRIMAR_VENDOR_TEXT"": null, ""BROKEN_PART_SECONDARY_VENDOR_TEXT"": null, ""COUNTRY_OF_ORIGIN_TEXT"": null, ""HARMONIZED_TARIFF_SYSTEM_CODE"": null, ""UO_LAST_ISSUE_DATE_TIME"": null, ""UO_LAST_ISSUE_DATE_TIME_GMT"": null, ""ROP_MINLEVEL_NUMBER"": null, ""ROP_REQUEST_TYPE"": null, ""ROP_REQUESTOR_TEXT"": null, ""SAP_GLACCOUNT_NUMBER"": null, ""SECONDARY_VENDOR_NAME"": null, ""VENDOR_ID"": null, ""DRAWING_NUMBER"": null, ""PO_QR_CODES"": null, ""ROWSTAMP_ID"": 96502955, ""LOAD_DATE_TIME"": ""2025-10-01 23:28:51.324000-04:00"", ""LOAD_DATE_TIME_GMT"": ""2025-10-02 03:28:51.324000+00:00"", ""RECORD_END_DATE_TIME"": null}, {""SOURCE_ID"": 7871340323922476290, ""FILE_ID"": 5089162437293886621, ""RECORD_ID"": 2130, ""ITEM_SET_ID"": ""ITEM1"", ""MANUFACTURER_NAME"": ""LUMETTA"", ""MODEL_NUMBER"": ""WCH200-F4 EARTH-D28 SPIRAL EARTHINC1/MED. BASE-120V-LTWC-LBWW"", ""ORDER_UNIT_CODE"": ""EA"", ""SHRINKAGE_GL_ACCOUNT_NUMBER"": ""R140-Z-R140R00000"", ""SAFETY_STOCK_NUMBER"": null, ""PRIMARY_VENDOR_CODE"": null, ""ABC_TYPE_TEXT"": ""C"", ""DEFAULT_BIN_TEXT"": ""301005F1"", ""CATALOG_NUMBER"": null, ""GL_CONTROL_ACCOUNT_NUMBER"": ""R140-Z-R140R00000"", ""GL_ACCOUNT_NUMBER"": null, ""COST_ADJUSTMENT_GL_ACCOUNT_NUMBER"": ""R140-Z-R140R00000"", ""ISSUE_UNIT_CODE"": ""EA"", ""LAST_ISSUE_DATE_TIME"": null, ""LAST_ISSUE_DATE_TIME_GMT"": null, ""ORGANIZATION_ID"": ""UOR"", ""SITE_ID"": ""UO"", ""SOURCE_SYSTEM_ID"": null, ""OWNER_SYSTEM_ID"": null, ""EXTERNAL_REFERENCE_ID"": null, ""STOCK_CATEGORY_CODE"": ""STK"", ""COUNT_FREQUENCY_NUMBER"": 540, ""LEAD_TIME_DAYS_NUMBER"": 0, ""LAST_YEAR_NUMBER"": ""0.0000"", ""TWO_YEARS_AGO_NUMBER"": ""0.0000"", ""THREE_YEARS_AGO_NUMBER"": ""0.0000"", ""YEAR_TO_DATE_NUMBER"": ""0.0000"", ""ITEM_NUMBER"": ""102-88030"", ""STOREROOM_CODE"": ""EPICUNIVERSE"", ""MAX_LEVEL_NUMBER"": ""0.0000"", ""MIN_LEVEL_NUMBER"": ""0.0000"", ""ECONOMIC_ORDER_QUANTITY_COUNT"": ""1.0000"", ""SENDER_SYSTEM_ID"": ""UDX_UO_EXTSYS1"", ""INVENTORY_ID"": 64328, ""STOREROOM_NAME"": null, ""STOREROOM_SITE_ID"": null, ""INTERNAL_FLAG"": 0, ""STATUS_CODE"": ""ACTIVE"", ""STATUS_DATE_TIME"": ""2025-01-31 15:42:08-05:00"", ""STATUS_DATE_TIME_GMT"": ""2025-01-31 15:42:08-05:00"", ""DEFAULT_STAGE_BIN_NUMBER"": null, ""RECEIPT_TOLERANCE_PERCENT_NUMBER"": null, ""REORDER_FLAG"": 0, ""ISSUE_COST_TYPE"": ""AVERAGE"", ""REQUIRES_HARD_RESERVATION_FLAG"": 0, ""CONSIGNMENT_FLAG"": 0, ""INVOICE_GENERATION_TYPE"": null, ""FREQUENCY_NUMBER"": null, ""FREQUENCY_UNITS_TEXT"": null, ""NEXT_INVOICE_DATE"": null, ""CONSIGNMENT_VENDOR"": null, ""COUNT_GROUP_TEXT"": null, ""MINUS_TOLERANCE_COUNT"": null, ""PLUS_TOLERANCE_COUNT"": null, ""IL1_EXTRA_FIELD_TEXT"": ""TECHSERV"", ""IL2_EXTRA_FIELD_DATE"": null, ""IL3_EXTRA_FIELD_DATE"": null, ""IN19_EXTRA_FIELD_TEXT"": null, ""MININUM_LEVEL_NUMBER_2"": null, ""MINLEVEL_REORDER_NUMBER"": null, ""PART_NUMBER"": null, ""REQUIRE_TYPE"": null, ""BROKEN_PART_REPAIR_LEAD_TIME"": null, ""BROKEN_PART_PRIMAR_VENDOR_TEXT"": null, ""BROKEN_PART_SECONDARY_VENDOR_TEXT"": null, ""COUNTRY_OF_ORIGIN_TEXT"": null, ""HARMONIZED_TARIFF_SYSTEM_CODE"": null, ""UO_LAST_ISSUE_DATE_TIME"": null, ""UO_LAST_ISSUE_DATE_TIME_GMT"": null, ""ROP_MINLEVEL_NUMBER"": null, ""ROP_REQUEST_TYPE"": null, ""ROP_REQUESTOR_TEXT"": null, ""SAP_GLACCOUNT_NUMBER"": null, ""SECONDARY_VENDOR_NAME"": null, ""VENDOR_ID"": null, ""DRAWING_NUMBER"": null, ""PO_QR_CODES"": null, ""ROWSTAMP_ID"": 96183191, ""LOAD_DATE_TIME"": ""2025-10-01 23:28:51.324000-04:00"", ""LOAD_DATE_TIME_GMT"": ""2025-10-02 03:28:51.324000+00:00"", ""RECORD_END_DATE_TIME"": null}]",,True,DQ_TOOL,BATCH,2026-08-13 10:09:55.578460,2026-08-13 10:09:55.578460
DQ_003,RANGE_CHECK,CF_022,UDX_CORE,UDX_MAXIMO,INVENTORY,SAFETY_STOCK_NUMBER,SAFETY_STOCK_NUMBER BETWEEN 0.0 AND 999999999.0,0.0,HIGH,5286,0,5286,0.0,PASS,False,2026-08-13 10:09:57.884769,2026-08-13 10:09:58.255673,0,01c65ad7-0620-cee2-0054-6203140fdabe,MAXIMO_DEV_WH,SNOWFLAKE,UDX_CORE.UDX_MAXIMO.INVENTORY,[],,True,DQ_TOOL,BATCH,2026-08-13 10:09:58.255673,2026-08-13 10:09:58.255673
DQ_001,NOT_NULL_CHECK,CF_023,UDX_CORE,UDX_MAXIMO,INVENTORY,GL_CONTROL_ACCOUNT_NUMBER,GL_CONTROL_ACCOUNT_NUMBER IS NOT NULL,0.3,HIGH,5286,14,5272,0.0026485054861899358,PASS,False,2026-08-13 10:09:58.620583,2026-08-13 10:09:59.013503,0,01c65ad7-0620-d31d-0054-6203140fe6de,MAXIMO_DEV_WH,SNOWFLAKE,UDX_CORE.UDX_MAXIMO.INVENTORY,"[{""SOURCE_ID"": 7871340323922476290, ""FILE_ID"": 5089162437293886621, ""RECORD_ID"": 5266, ""ITEM_SET_ID"": ""ITEM1"", ""MANUFACTURER_NAME"": null, ""MODEL_NUMBER"": null, ""ORDER_UNIT_CODE"": ""EA"", ""SHRINKAGE_GL_ACCOUNT_NUMBER"": null, ""SAFETY_STOCK_NUMBER"": null, ""PRIMARY_VENDOR_CODE"": null, ""ABC_TYPE_TEXT"": ""C"", ""DEFAULT_BIN_TEXT"": null, ""CATALOG_NUMBER"": null, ""GL_CONTROL_ACCOUNT_NUMBER"": null, ""GL_ACCOUNT_NUMBER"": null, ""COST_ADJUSTMENT_GL_ACCOUNT_NUMBER"": null, ""ISSUE_UNIT_CODE"": ""EA"", ""LAST_ISSUE_DATE_TIME"": null, ""LAST_ISSUE_DATE_TIME_GMT"": null, ""ORGANIZATION_ID"": ""UOR"", ""SITE_ID"": ""UO"", ""SOURCE_SYSTEM_ID"": null, ""OWNER_SYSTEM_ID"": null, ""EXTERNAL_REFERENCE_ID"": null, ""STOCK_CATEGORY_CODE"": ""STK"", ""COUNT_FREQUENCY_NUMBER"": 540, ""LEAD_TIME_DAYS_NUMBER"": 0, ""LAST_YEAR_NUMBER"": ""0.0000"", ""TWO_YEARS_AGO_NUMBER"": ""0.0000"", ""THREE_YEARS_AGO_NUMBER"": ""0.0000"", ""YEAR_TO_DATE_NUMBER"": ""0.0000"", ""ITEM_NUMBER"": ""TESTITEM001"", ""STOREROOM_CODE"": ""TESTSTOREROOM"", ""MAX_LEVEL_NUMBER"": ""0.0000"", ""MIN_LEVEL_NUMBER"": ""0.0000"", ""ECONOMIC_ORDER_QUANTITY_COUNT"": ""1.0000"", ""SENDER_SYSTEM_ID"": null, ""INVENTORY_ID"": 117321, ""STOREROOM_NAME"": null, ""STOREROOM_SITE_ID"": null, ""INTERNAL_FLAG"": 0, ""STATUS_CODE"": ""ACTIVE"", ""STATUS_DATE_TIME"": ""2025-05-14 12:06:13.640000-04:00"", ""STATUS_DATE_TIME_GMT"": ""2025-05-14 12:06:13.640000-04:00"", ""DEFAULT_STAGE_BIN_NUMBER"": null, ""RECEIPT_TOLERANCE_PERCENT_NUMBER"": null, ""REORDER_FLAG"": 1, ""ISSUE_COST_TYPE"": ""AVERAGE"", ""REQUIRES_HARD_RESERVATION_FLAG"": 0, ""CONSIGNMENT_FLAG"": 0, ""INVOICE_GENERATION_TYPE"": null, ""FREQUENCY_NUMBER"": null, ""FREQUENCY_UNITS_TEXT"": null, ""NEXT_INVOICE_DATE"": null, ""CONSIGNMENT_VENDOR"": null, ""COUNT_GROUP_TEXT"": null, ""MINUS_TOLERANCE_COUNT"": null, ""PLUS_TOLERANCE_COUNT"": null, ""IL1_EXTRA_FIELD_TEXT"": null, ""IL2_EXTRA_FIELD_DATE"": null, ""IL3_EXTRA_FIELD_DATE"": null, ""IN19_EXTRA_FIELD_TEXT"": null, ""MININUM_LEVEL_NUMBER_2"": null, ""MINLEVEL_REORDER_NUMBER"": null, ""PART_NUMBER"": null, ""REQUIRE_TYPE"": null, ""BROKEN_PART_REPAIR_LEAD_TIME"": null, ""BROKEN_PART_PRIMAR_VENDOR_TEXT"": null, ""BROKEN_PART_SECONDARY_VENDOR_TEXT"": null, ""COUNTRY_OF_ORIGIN_TEXT"": null, ""HARMONIZED_TARIFF_SYSTEM_CODE"": null, ""UO_LAST_ISSUE_DATE_TIME"": null, ""UO_LAST_ISSUE_DATE_TIME_GMT"": null, ""ROP_MINLEVEL_NUMBER"": null, ""ROP_REQUEST_TYPE"": null, ""ROP_REQUESTOR_TEXT"": null, ""SAP_GLACCOUNT_NUMBER"": null, ""SECONDARY_VENDOR_NAME"": null, ""VENDOR_ID"": null, ""DRAWING_NUMBER"": null, ""PO_QR_CODES"": null, ""ROWSTAMP_ID"": 133164030, ""LOAD_DATE_TIME"": ""2025-10-01 23:28:51.324000-04:00"", ""LOAD_DATE_TIME_GMT"": ""2025-10-02 03:28:51.324000+00:00"", ""RECORD_END_DATE_TIME"": null}, {""SOURCE_ID"": 7871340323922476290, ""FILE_ID"": 5089162437293886621, ""RECORD_ID"": 2790, ""ITEM_SET_ID"": ""ITEM1"", ""MANUFACTURER_NAME"": null, ""MODEL_NUMBER"": null, ""ORDER_UNIT_CODE"": ""10C"", ""SHRINKAGE_GL_ACCOUNT_NUMBER"": null, ""SAFETY_STOCK_NUMBER"": null, ""PRIMARY_VENDOR_CODE"": null, ""ABC_TYPE_TEXT"": null, ""DEFAULT_BIN_TEXT"": null, ""CATALOG_NUMBER"": null, ""GL_CONTROL_ACCOUNT_NUMBER"": null, ""GL_ACCOUNT_NUMBER"": null, ""COST_ADJUSTMENT_GL_ACCOUNT_NUMBER"": null, ""ISSUE_UNIT_CODE"": ""EA"", ""LAST_ISSUE_DATE_TIME"": null, ""LAST_ISSUE_DATE_TIME_GMT"": null, ""ORGANIZATION_ID"": ""UHU"", ""SITE_ID"": ""LAS"", ""SOURCE_SYSTEM_ID"": null, ""OWNER_SYSTEM_ID"": null, ""EXTERNAL_REFERENCE_ID"": null, ""STOCK_CATEGORY_CODE"": ""STK"", ""COUNT_FREQUENCY_NUMBER"": 0, ""LEAD_TIME_DAYS_NUMBER"": 0, ""LAST_YEAR_NUMBER"": ""0.0000"", ""TWO_YEARS_AGO_NUMBER"": ""0.0000"", ""THREE_YEARS_AGO_NUMBER"": ""0.0000"", ""YEAR_TO_DATE_NUMBER"": ""0.0000"", ""ITEM_NUMBER"": ""816-N47598"", ""STOREROOM_CODE"": ""UHUMASTER"", ""MAX_LEVEL_NUMBER"": ""0.0000"", ""MIN_LEVEL_NUMBER"": ""0.0000"", ""ECONOMIC_ORDER_QUANTITY_COUNT"": ""1.0000"", ""SENDER_SYSTEM_ID"": null, ""INVENTORY_ID"": 117511, ""STOREROOM_NAME"": null, ""STOREROOM_SITE_ID"": null, ""INTERNAL_FLAG"": 0, ""STATUS_CODE"": ""ACTIVE"", ""STATUS_DATE_TIME"": ""2025-07-24 18:13:31.287000-04:00"", ""STATUS_DATE_TIME_GMT"": ""2025-07-24 18:13:31.287000-04:00"", ""DEFAULT_STAGE_BIN_NUMBER"": null, ""RECEIPT_TOLERANCE_PERCENT_NUMBER"": null, ""REORDER_FLAG"": 1, ""ISSUE_COST_TYPE"": ""AVERAGE"", ""REQUIRES_HARD_RESERVATION_FLAG"": 0, ""CONSIGNMENT_FLAG"": 0, ""INVOICE_GENERATION_TYPE"": null, ""FREQUENCY_NUMBER"": null, ""FREQUENCY_UNITS_TEXT"": null, ""NEXT_INVOICE_DATE"": null, ""CONSIGNMENT_VENDOR"": null, ""COUNT_GROUP_TEXT"": null, ""MINUS_TOLERANCE_COUNT"": null, ""PLUS_TOLERANCE_COUNT"": null, ""IL1_EXTRA_FIELD_TEXT"": null, ""IL2_EXTRA_FIELD_DATE"": null, ""IL3_EXTRA_FIELD_DATE"": null, ""IN19_EXTRA_FIELD_TEXT"": null, ""MININUM_LEVEL_NUMBER_2"": null, ""MINLEVEL_REORDER_NUMBER"": null, ""PART_NUMBER"": null, ""REQUIRE_TYPE"": null, ""BROKEN_PART_REPAIR_LEAD_TIME"": null, ""BROKEN_PART_PRIMAR_VENDOR_TEXT"": null, ""BROKEN_PART_SECONDARY_VENDOR_TEXT"": null, ""COUNTRY_OF_ORIGIN_TEXT"": null, ""HARMONIZED_TARIFF_SYSTEM_CODE"": null, ""UO_LAST_ISSUE_DATE_TIME"": null, ""UO_LAST_ISSUE_DATE_TIME_GMT"": null, ""ROP_MINLEVEL_NUMBER"": null, ""ROP_REQUEST_TYPE"": null, ""ROP_REQUESTOR_TEXT"": null, ""SAP_GLACCOUNT_NUMBER"": null, ""SECONDARY_VENDOR_NAME"": null, ""VENDOR_ID"": null, ""DRAWING_NUMBER"": null, ""PO_QR_CODES"": null, ""ROWSTAMP_ID"": 221447719, ""LOAD_DATE_TIME"": ""2025-10-01 23:28:51.324000-04:00"", ""LOAD_DATE_TIME_GMT"": ""2025-10-02 03:28:51.324000+00:00"", ""RECORD_END_DATE_TIME"": null}, {""SOURCE_ID"": 7871340323922476290, ""FILE_ID"": 5089162437293886621, ""RECORD_ID"": 2791, ""ITEM_SET_ID"": ""ITEM1"", ""MANUFACTURER_NAME"": null, ""MODEL_NUMBER"": null, ""ORDER_UNIT_CODE"": null, ""SHRINKAGE_GL_ACCOUNT_NUMBER"": null, ""SAFETY_STOCK_NUMBER"": null, ""PRIMARY_VENDOR_CODE"": null, ""ABC_TYPE_TEXT"": null, ""DEFAULT_BIN_TEXT"": null, ""CATALOG_NUMBER"": null, ""GL_CONTROL_ACCOUNT_NUMBER"": null, ""GL_ACCOUNT_NUMBER"": null, ""COST_ADJUSTMENT_GL_ACCOUNT_NUMBER"": null, ""ISSUE_UNIT_CODE"": ""EA"", ""LAST_ISSUE_DATE_TIME"": null, ""LAST_ISSUE_DATE_TIME_GMT"": null, ""ORGANIZATION_ID"": ""UHU"", ""SITE_ID"": ""LAS"", ""SOURCE_SYSTEM_ID"": null, ""OWNER_SYSTEM_ID"": null, ""EXTERNAL_REFERENCE_ID"": null, ""STOCK_CATEGORY_CODE"": ""STK"", ""COUNT_FREQUENCY_NUMBER"": 0, ""LEAD_TIME_DAYS_NUMBER"": 0, ""LAST_YEAR_NUMBER"": ""0.0000"", ""TWO_YEARS_AGO_NUMBER"": ""0.0000"", ""THREE_YEARS_AGO_NUMBER"": ""0.0000"", ""YEAR_TO_DATE_NUMBER"": ""0.0000"", ""ITEM_NUMBER"": ""AUT1001"", ""STOREROOM_CODE"": ""UHUMASTER"", ""MAX_LEVEL_NUMBER"": ""0.0000"", ""MIN_LEVEL_NUMBER"": ""0.0000"", ""ECONOMIC_ORDER_QUANTITY_COUNT"": ""1.0000"", ""SENDER_SYSTEM_ID"": null, ""INVENTORY_ID"": 117513, ""STOREROOM_NAME"": null, ""STOREROOM_SITE_ID"": null, ""INTERNAL_FLAG"": 0, ""STATUS_CODE"": ""ACTIVE"", ""STATUS_DATE_TIME"": ""2025-07-25 02:40:48.110000-04:00"", ""STATUS_DATE_TIME_GMT"": ""2025-07-25 02:40:48.110000-04:00"", ""DEFAULT_STAGE_BIN_NUMBER"": null, ""RECEIPT_TOLERANCE_PERCENT_NUMBER"": null, ""REORDER_FLAG"": 1, ""ISSUE_COST_TYPE"": ""AVERAGE"", ""REQUIRES_HARD_RESERVATION_FLAG"": 0, ""CONSIGNMENT_FLAG"": 0, ""INVOICE_GENERATION_TYPE"": null, ""FREQUENCY_NUMBER"": null, ""FREQUENCY_UNITS_TEXT"": null, ""NEXT_INVOICE_DATE"": null, ""CONSIGNMENT_VENDOR"": null, ""COUNT_GROUP_TEXT"": null, ""MINUS_TOLERANCE_COUNT"": null, ""PLUS_TOLERANCE_COUNT"": null, ""IL1_EXTRA_FIELD_TEXT"": null, ""IL2_EXTRA_FIELD_DATE"": null, ""IL3_EXTRA_FIELD_DATE"": null, ""IN19_EXTRA_FIELD_TEXT"": null, ""MININUM_LEVEL_NUMBER_2"": null, ""MINLEVEL_REORDER_NUMBER"": null, ""PART_NUMBER"": null, ""REQUIRE_TYPE"": null, ""BROKEN_PART_REPAIR_LEAD_TIME"": null, ""BROKEN_PART_PRIMAR_VENDOR_TEXT"": null, ""BROKEN_PART_SECONDARY_VENDOR_TEXT"": null, ""COUNTRY_OF_ORIGIN_TEXT"": null, ""HARMONIZED_TARIFF_SYSTEM_CODE"": null, ""UO_LAST_ISSUE_DATE_TIME"": null, ""UO_LAST_ISSUE_DATE_TIME_GMT"": null, ""ROP_MINLEVEL_NUMBER"": null, ""ROP_REQUEST_TYPE"": null, ""ROP_REQUESTOR_TEXT"": null, ""SAP_GLACCOUNT_NUMBER"": null, ""SECONDARY_VENDOR_NAME"": null, ""VENDOR_ID"": null, ""DRAWING_NUMBER"": null, ""PO_QR_CODES"": null, ""ROWSTAMP_ID"": 222371212, ""LOAD_DATE_TIME"": ""2025-10-01 23:28:51.324000-04:00"", ""LOAD_DATE_TIME_GMT"": ""2025-10-02 03:28:51.324000+00:00"", ""RECORD_END_DATE_TIME"": null}, {""SOURCE_ID"": 7871340323922476290, ""FILE_ID"": 5089162437293886621, ""RECORD_ID"": 5269, ""ITEM_SET_ID"": ""ITEM1"", ""MANUFACTURER_NAME"": null, ""MODEL_NUMBER"": null, ""ORDER_UNIT_CODE"": ""EA"", ""SHRINKAGE_GL_ACCOUNT_NUMBER"": null, ""SAFETY_STOCK_NUMBER"": null, ""PRIMARY_VENDOR_CODE"": null, ""ABC_TYPE_TEXT"": ""C"", ""DEFAULT_BIN_TEXT"": null, ""CATALOG_NUMBER"": null, ""GL_CONTROL_ACCOUNT_NUMBER"": null, ""GL_ACCOUNT_NUMBER"": null, ""COST_ADJUSTMENT_GL_ACCOUNT_NUMBER"": null, ""ISSUE_UNIT_CODE"": ""EA"", ""LAST_ISSUE_DATE_TIME"": null, ""LAST_ISSUE_DATE_TIME_GMT"": null, ""ORGANIZATION_ID"": ""UOR"", ""SITE_ID"": ""UO"", ""SOURCE_SYSTEM_ID"": null, ""OWNER_SYSTEM_ID"": null, ""EXTERNAL_REFERENCE_ID"": null, ""STOCK_CATEGORY_CODE"": ""STK"", ""COUNT_FREQUENCY_NUMBER"": 540, ""LEAD_TIME_DAYS_NUMBER"": 0, ""LAST_YEAR_NUMBER"": ""0.0000"", ""TWO_YEARS_AGO_NUMBER"": ""0.0000"", ""THREE_YEARS_AGO_NUMBER"": ""0.0000"", ""YEAR_TO_DATE_NUMBER"": ""0.0000"", ""ITEM_NUMBER"": ""TESTITEM_02"", ""STOREROOM_CODE"": ""TESTSTOREROOM"", ""MAX_LEVEL_NUMBER"": ""0.0000"", ""MIN_LEVEL_NUMBER"": ""0.0000"", ""ECONOMIC_ORDER_QUANTITY_COUNT"": ""1.0000"", ""SENDER_SYSTEM_ID"": null, ""INVENTORY_ID"": 117326, ""STOREROOM_NAME"": null, ""STOREROOM_SITE_ID"": null, ""INTERNAL_FLAG"": 0, ""STATUS_CODE"": ""ACTIVE"", ""STATUS_DATE_TIME"": ""2025-05-15 10:58:35.096000-04:00"", ""STATUS_DATE_TIME_GMT"": ""2025-05-15 10:58:35.096000-04:00"", ""DEFAULT_STAGE_BIN_NUMBER"": null, ""RECEIPT_TOLERANCE_PERCENT_NUMBER"": null, ""REORDER_FLAG"": 1, ""ISSUE_COST_TYPE"": ""AVERAGE"", ""REQUIRES_HARD_RESERVATION_FLAG"": 0, ""CONSIGNMENT_FLAG"": 0, ""INVOICE_GENERATION_TYPE"": null, ""FREQUENCY_NUMBER"": null, ""FREQUENCY_UNITS_TEXT"": null, ""NEXT_INVOICE_DATE"": null, ""CONSIGNMENT_VENDOR"": null, ""COUNT_GROUP_TEXT"": null, ""MINUS_TOLERANCE_COUNT"": null, ""PLUS_TOLERANCE_COUNT"": null, ""IL1_EXTRA_FIELD_TEXT"": null, ""IL2_EXTRA_FIELD_DATE"": null, ""IL3_EXTRA_FIELD_DATE"": null, ""IN19_EXTRA_FIELD_TEXT"": null, ""MININUM_LEVEL_NUMBER_2"": null, ""MINLEVEL_REORDER_NUMBER"": null, ""PART_NUMBER"": null, ""REQUIRE_TYPE"": null, ""BROKEN_PART_REPAIR_LEAD_TIME"": null, ""BROKEN_PART_PRIMAR_VENDOR_TEXT"": null, ""BROKEN_PART_SECONDARY_VENDOR_TEXT"": null, ""COUNTRY_OF_ORIGIN_TEXT"": null, ""HARMONIZED_TARIFF_SYSTEM_CODE"": null, ""UO_LAST_ISSUE_DATE_TIME"": null, ""UO_LAST_ISSUE_DATE_TIME_GMT"": null, ""ROP_MINLEVEL_NUMBER"": ""6.0000"", ""ROP_REQUEST_TYPE"": ""TSV"", ""ROP_REQUESTOR_TEXT"": ""703130077"", ""SAP_GLACCOUNT_NUMBER"": null, ""SECONDARY_VENDOR_NAME"": null, ""VENDOR_ID"": null, ""DRAWING_NUMBER"": null, ""PO_QR_CODES"": null, ""ROWSTAMP_ID"": 141996009, ""LOAD_DATE_TIME"": ""2025-10-01 23:28:51.324000-04:00"", ""LOAD_DATE_TIME_GMT"": ""2025-10-02 03:28:51.324000+00:00"", ""RECORD_END_DATE_TIME"": null}, {""SOURCE_ID"": 7871340323922476290, ""FILE_ID"": 5089162437293886621, ""RECORD_ID"": 1, ""ITEM_SET_ID"": ""ITEM1"", ""MANUFACTURER_NAME"": null, ""MODEL_NUMBER"": null, ""ORDER_UNIT_CODE"": null, ""SHRINKAGE_GL_ACCOUNT_NUMBER"": null, ""SAFETY_STOCK_NUMBER"": null, ""PRIMARY_VENDOR_CODE"": null, ""ABC_TYPE_TEXT"": null, ""DEFAULT_BIN_TEXT"": null, ""CATALOG_NUMBER"": null, ""GL_CONTROL_ACCOUNT_NUMBER"": null, ""GL_ACCOUNT_NUMBER"": null, ""COST_ADJUSTMENT_GL_ACCOUNT_NUMBER"": null, ""ISSUE_UNIT_CODE"": ""EA"", ""LAST_ISSUE_DATE_TIME"": null, ""LAST_ISSUE_DATE_TIME_GMT"": null, ""ORGANIZATION_ID"": ""USH"", ""SITE_ID"": ""UCH"", ""SOURCE_SYSTEM_ID"": null, ""OWNER_SYSTEM_ID"": null, ""EXTERNAL_REFERENCE_ID"": null, ""STOCK_CATEGORY_CODE"": ""STK"", ""COUNT_FREQUENCY_NUMBER"": 0, ""LEAD_TIME_DAYS_NUMBER"": 0, ""LAST_YEAR_NUMBER"": ""0.0000"", ""TWO_YEARS_AGO_NUMBER"": ""0.0000"", ""THREE_YEARS_AGO_NUMBER"": ""0.0000"", ""YEAR_TO_DATE_NUMBER"": ""0.0000"", ""ITEM_NUMBER"": ""TEST_ITEM"", ""STOREROOM_CODE"": ""TEST_USH"", ""MAX_LEVEL_NUMBER"": ""0.0000"", ""MIN_LEVEL_NUMBER"": ""0.0000"", ""ECONOMIC_ORDER_QUANTITY_COUNT"": ""1.0000"", ""SENDER_SYSTEM_ID"": null, ""INVENTORY_ID"": 112, ""STOREROOM_NAME"": null, ""STOREROOM_SITE_ID"": null, ""INTERNAL_FLAG"": 0, ""STATUS_CODE"": ""ACTIVE"", ""STATUS_DATE_TIME"": ""2025-03-06 09:10:24.615000-05:00"", ""STATUS_DATE_TIME_GMT"": ""2025-03-06 09:10:24.615000-05:00"", ""DEFAULT_STAGE_BIN_NUMBER"": null, ""RECEIPT_TOLERANCE_PERCENT_NUMBER"": null, ""REORDER_FLAG"": 1, ""ISSUE_COST_TYPE"": ""AVERAGE"", ""REQUIRES_HARD_RESERVATION_FLAG"": 0, ""CONSIGNMENT_FLAG"": 0, ""INVOICE_GENERATION_TYPE"": null, ""FREQUENCY_NUMBER"": null, ""FREQUENCY_UNITS_TEXT"": null, ""NEXT_INVOICE_DATE"": null, ""CONSIGNMENT_VENDOR"": null, ""COUNT_GROUP_TEXT"": null, ""MINUS_TOLERANCE_COUNT"": null, ""PLUS_TOLERANCE_COUNT"": null, ""IL1_EXTRA_FIELD_TEXT"": null, ""IL2_EXTRA_FIELD_DATE"": null, ""IL3_EXTRA_FIELD_DATE"": null, ""IN19_EXTRA_FIELD_TEXT"": null, ""MININUM_LEVEL_NUMBER_2"": null, ""MINLEVEL_REORDER_NUMBER"": null, ""PART_NUMBER"": null, ""REQUIRE_TYPE"": null, ""BROKEN_PART_REPAIR_LEAD_TIME"": null, ""BROKEN_PART_PRIMAR_VENDOR_TEXT"": null, ""BROKEN_PART_SECONDARY_VENDOR_TEXT"": null, ""COUNTRY_OF_ORIGIN_TEXT"": null, ""HARMONIZED_TARIFF_SYSTEM_CODE"": null, ""UO_LAST_ISSUE_DATE_TIME"": null, ""UO_LAST_ISSUE_DATE_TIME_GMT"": null, ""ROP_MINLEVEL_NUMBER"": ""0.0000"", ""ROP_REQUEST_TYPE"": null, ""ROP_REQUESTOR_TEXT"": null, ""SAP_GLACCOUNT_NUMBER"": null, ""SECONDARY_VENDOR_NAME"": null, ""VENDOR_ID"": null, ""DRAWING_NUMBER"": null, ""PO_QR_CODES"": null, ""ROWSTAMP_ID"": 66424003, ""LOAD_DATE_TIME"": ""2025-10-01 23:28:51.324000-04:00"", ""LOAD_DATE_TIME_GMT"": ""2025-10-02 03:28:51.324000+00:00"", ""RECORD_END_DATE_TIME"": null}]",,True,DQ_TOOL,BATCH,2026-08-13 10:09:59.013503,2026-08-13 10:09:59.013503
DQ_001,NOT_NULL_CHECK,CF_024,UDX_CORE,UDX_MAXIMO,INVENTORY,ORGANIZATION_ID,ORGANIZATION_ID IS NOT NULL,0.06,HIGH,5286,0,5286,0.0,PASS,False,2026-08-13 10:09:59.840922,2026-08-13 10:10:00.191324,0,01c65ad8-0620-cee2-0054-6203140fdac2,MAXIMO_DEV_WH,SNOWFLAKE,UDX_CORE.UDX_MAXIMO.INVENTORY,[],,True,DQ_TOOL,BATCH,2026-08-13 10:10:00.191324,2026-08-13 10:10:00.191324
DQ_006,VALID_VALUE_CHECK,CF_025,UDX_CORE,UDX_MAXIMO,INVENTORY,ORGANIZATION_ID,"ORGANIZATION_ID IN (USH,UOR,UHU)",0.0,HIGH,5286,0,5286,0.0,PASS,False,2026-08-13 10:10:00.977030,2026-08-13 10:10:01.691606,0,01c65ad8-0620-cee2-0054-6203140fdac6,MAXIMO_DEV_WH,SNOWFLAKE,UDX_CORE.UDX_MAXIMO.INVENTORY,[],,True,DQ_TOOL,BATCH,2026-08-13 10:10:01.691606,2026-08-13 10:10:01.691606
DQ_001,NOT_NULL_CHECK,CF_026,UDX_CORE,UDX_MAXIMO,INVENTORY,STOCK_CATEGORY_CODE,STOCK_CATEGORY_CODE IS NOT NULL,0.4,HIGH,5286,13,5273,0.0024593265228906543,PASS,False,2026-08-13 10:10:02.088570,2026-08-13 10:10:02.440660,0,01c65ad8-0620-cee2-0054-6203140fdaca,MAXIMO_DEV_WH,SNOWFLAKE,UDX_CORE.UDX_MAXIMO.INVENTORY,"[{""SOURCE_ID"": 7871340323922476290, ""FILE_ID"": 5089162437293886621, ""RECORD_ID"": 2779, ""ITEM_SET_ID"": ""ITEM1"", ""MANUFACTURER_NAME"": null, ""MODEL_NUMBER"": null, ""ORDER_UNIT_CODE"": ""BAG"", ""SHRINKAGE_GL_ACCOUNT_NUMBER"": ""R140-Z-R140R00000-133000022"", ""SAFETY_STOCK_NUMBER"": null, ""PRIMARY_VENDOR_CODE"": ""4003593"", ""ABC_TYPE_TEXT"": ""C"", ""DEFAULT_BIN_TEXT"": null, ""CATALOG_NUMBER"": null, ""GL_CONTROL_ACCOUNT_NUMBER"": ""R140-Z-R140R00000-133000022"", ""GL_ACCOUNT_NUMBER"": null, ""COST_ADJUSTMENT_GL_ACCOUNT_NUMBER"": ""R140-Z-R140R00000-133000022"", ""ISSUE_UNIT_CODE"": ""BAG"", ""LAST_ISSUE_DATE_TIME"": null, ""LAST_ISSUE_DATE_TIME_GMT"": null, ""ORGANIZATION_ID"": ""UOR"", ""SITE_ID"": ""UO"", ""SOURCE_SYSTEM_ID"": null, ""OWNER_SYSTEM_ID"": null, ""EXTERNAL_REFERENCE_ID"": null, ""STOCK_CATEGORY_CODE"": null, ""COUNT_FREQUENCY_NUMBER"": 540, ""LEAD_TIME_DAYS_NUMBER"": 0, ""LAST_YEAR_NUMBER"": ""0.0000"", ""TWO_YEARS_AGO_NUMBER"": ""0.0000"", ""THREE_YEARS_AGO_NUMBER"": ""0.0000"", ""YEAR_TO_DATE_NUMBER"": ""0.0000"", ""ITEM_NUMBER"": ""1145"", ""STOREROOM_CODE"": ""DOOMSTORE"", ""MAX_LEVEL_NUMBER"": ""0.0000"", ""MIN_LEVEL_NUMBER"": ""0.0000"", ""ECONOMIC_ORDER_QUANTITY_COUNT"": ""1.0000"", ""SENDER_SYSTEM_ID"": null, ""INVENTORY_ID"": 117439, ""STOREROOM_NAME"": null, ""STOREROOM_SITE_ID"": null, ""INTERNAL_FLAG"": 0, ""STATUS_CODE"": ""ACTIVE"", ""STATUS_DATE_TIME"": ""2025-07-14 04:07:54.818000-04:00"", ""STATUS_DATE_TIME_GMT"": ""2025-07-14 04:07:54.818000-04:00"", ""DEFAULT_STAGE_BIN_NUMBER"": null, ""RECEIPT_TOLERANCE_PERCENT_NUMBER"": null, ""REORDER_FLAG"": 1, ""ISSUE_COST_TYPE"": ""AVERAGE"", ""REQUIRES_HARD_RESERVATION_FLAG"": 0, ""CONSIGNMENT_FLAG"": 0, ""INVOICE_GENERATION_TYPE"": null, ""FREQUENCY_NUMBER"": null, ""FREQUENCY_UNITS_TEXT"": null, ""NEXT_INVOICE_DATE"": null, ""CONSIGNMENT_VENDOR"": null, ""COUNT_GROUP_TEXT"": null, ""MINUS_TOLERANCE_COUNT"": null, ""PLUS_TOLERANCE_COUNT"": null, ""IL1_EXTRA_FIELD_TEXT"": null, ""IL2_EXTRA_FIELD_DATE"": null, ""IL3_EXTRA_FIELD_DATE"": null, ""IN19_EXTRA_FIELD_TEXT"": null, ""MININUM_LEVEL_NUMBER_2"": null, ""MINLEVEL_REORDER_NUMBER"": null, ""PART_NUMBER"": null, ""REQUIRE_TYPE"": null, ""BROKEN_PART_REPAIR_LEAD_TIME"": null, ""BROKEN_PART_PRIMAR_VENDOR_TEXT"": null, ""BROKEN_PART_SECONDARY_VENDOR_TEXT"": null, ""COUNTRY_OF_ORIGIN_TEXT"": null, ""HARMONIZED_TARIFF_SYSTEM_CODE"": null, ""UO_LAST_ISSUE_DATE_TIME"": null, ""UO_LAST_ISSUE_DATE_TIME_GMT"": null, ""ROP_MINLEVEL_NUMBER"": null, ""ROP_REQUEST_TYPE"": null, ""ROP_REQUESTOR_TEXT"": null, ""SAP_GLACCOUNT_NUMBER"": null, ""SECONDARY_VENDOR_NAME"": null, ""VENDOR_ID"": ""4003593"", ""DRAWING_NUMBER"": null, ""PO_QR_CODES"": null, ""ROWSTAMP_ID"": 202567263, ""LOAD_DATE_TIME"": ""2025-10-01 23:28:51.324000-04:00"", ""LOAD_DATE_TIME_GMT"": ""2025-10-02 03:28:51.324000+00:00"", ""RECORD_END_DATE_TIME"": null}, {""SOURCE_ID"": 7871340323922476290, ""FILE_ID"": 5089162437293886621, ""RECORD_ID"": 2789, ""ITEM_SET_ID"": ""ITEM1"", ""MANUFACTURER_NAME"": null, ""MODEL_NUMBER"": null, ""ORDER_UNIT_CODE"": ""BAG"", ""SHRINKAGE_GL_ACCOUNT_NUMBER"": ""R140-Z-R140R00000-133000022"", ""SAFETY_STOCK_NUMBER"": null, ""PRIMARY_VENDOR_CODE"": ""4003592"", ""ABC_TYPE_TEXT"": ""C"", ""DEFAULT_BIN_TEXT"": null, ""CATALOG_NUMBER"": null, ""GL_CONTROL_ACCOUNT_NUMBER"": ""R140-Z-R140R00000-133000022"", ""GL_ACCOUNT_NUMBER"": null, ""COST_ADJUSTMENT_GL_ACCOUNT_NUMBER"": ""R140-Z-R140R00000-133000022"", ""ISSUE_UNIT_CODE"": ""BAG"", ""LAST_ISSUE_DATE_TIME"": null, ""LAST_ISSUE_DATE_TIME_GMT"": null, ""ORGANIZATION_ID"": ""UOR"", ""SITE_ID"": ""UO"", ""SOURCE_SYSTEM_ID"": null, ""OWNER_SYSTEM_ID"": null, ""EXTERNAL_REFERENCE_ID"": null, ""STOCK_CATEGORY_CODE"": null, ""COUNT_FREQUENCY_NUMBER"": 540, ""LEAD_TIME_DAYS_NUMBER"": 0, ""LAST_YEAR_NUMBER"": ""0.0000"", ""TWO_YEARS_AGO_NUMBER"": ""0.0000"", ""THREE_YEARS_AGO_NUMBER"": ""0.0000"", ""YEAR_TO_DATE_NUMBER"": ""0.0000"", ""ITEM_NUMBER"": ""1173"", ""STOREROOM_CODE"": ""MASTER"", ""MAX_LEVEL_NUMBER"": ""0.0000"", ""MIN_LEVEL_NUMBER"": ""0.0000"", ""ECONOMIC_ORDER_QUANTITY_COUNT"": ""1.0000"", ""SENDER_SYSTEM_ID"": null, ""INVENTORY_ID"": 117503, ""STOREROOM_NAME"": null, ""STOREROOM_SITE_ID"": null, ""INTERNAL_FLAG"": 0, ""STATUS_CODE"": ""ACTIVE"", ""STATUS_DATE_TIME"": ""2025-07-20 22:33:16.199000-04:00"", ""STATUS_DATE_TIME_GMT"": ""2025-07-20 22:33:16.199000-04:00"", ""DEFAULT_STAGE_BIN_NUMBER"": null, ""RECEIPT_TOLERANCE_PERCENT_NUMBER"": null, ""REORDER_FLAG"": 1, ""ISSUE_COST_TYPE"": ""AVERAGE"", ""REQUIRES_HARD_RESERVATION_FLAG"": 0, ""CONSIGNMENT_FLAG"": 0, ""INVOICE_GENERATION_TYPE"": null, ""FREQUENCY_NUMBER"": null, ""FREQUENCY_UNITS_TEXT"": null, ""NEXT_INVOICE_DATE"": null, ""CONSIGNMENT_VENDOR"": null, ""COUNT_GROUP_TEXT"": null, ""MINUS_TOLERANCE_COUNT"": null, ""PLUS_TOLERANCE_COUNT"": null, ""IL1_EXTRA_FIELD_TEXT"": null, ""IL2_EXTRA_FIELD_DATE"": null, ""IL3_EXTRA_FIELD_DATE"": null, ""IN19_EXTRA_FIELD_TEXT"": null, ""MININUM_LEVEL_NUMBER_2"": null, ""MINLEVEL_REORDER_NUMBER"": null, ""PART_NUMBER"": null, ""REQUIRE_TYPE"": null, ""BROKEN_PART_REPAIR_LEAD_TIME"": null, ""BROKEN_PART_PRIMAR_VENDOR_TEXT"": null, ""BROKEN_PART_SECONDARY_VENDOR_TEXT"": null, ""COUNTRY_OF_ORIGIN_TEXT"": null, ""HARMONIZED_TARIFF_SYSTEM_CODE"": null, ""UO_LAST_ISSUE_DATE_TIME"": null, ""UO_LAST_ISSUE_DATE_TIME_GMT"": null, ""ROP_MINLEVEL_NUMBER"": null, ""ROP_REQUEST_TYPE"": null, ""ROP_REQUESTOR_TEXT"": null, ""SAP_GLACCOUNT_NUMBER"": null, ""SECONDARY_VENDOR_NAME"": null, ""VENDOR_ID"": ""4003592"", ""DRAWING_NUMBER"": null, ""PO_QR_CODES"": null, ""ROWSTAMP_ID"": 217540618, ""LOAD_DATE_TIME"": ""2025-10-01 23:28:51.324000-04:00"", ""LOAD_DATE_TIME_GMT"": ""2025-10-02 03:28:51.324000+00:00"", ""RECORD_END_DATE_TIME"": null}, {""SOURCE_ID"": 7871340323922476290, ""FILE_ID"": 5089162437293886621, ""RECORD_ID"": 2801, ""ITEM_SET_ID"": ""ITEM1"", ""MANUFACTURER_NAME"": null, ""MODEL_NUMBER"": null, ""ORDER_UNIT_CODE"": ""BAG"", ""SHRINKAGE_GL_ACCOUNT_NUMBER"": ""R140-Z-R140R00000-133000022"", ""SAFETY_STOCK_NUMBER"": null, ""PRIMARY_VENDOR_CODE"": ""4003592"", ""ABC_TYPE_TEXT"": ""C"", ""DEFAULT_BIN_TEXT"": null, ""CATALOG_NUMBER"": null, ""GL_CONTROL_ACCOUNT_NUMBER"": ""R140-Z-R140R00000-133000022"", ""GL_ACCOUNT_NUMBER"": null, ""COST_ADJUSTMENT_GL_ACCOUNT_NUMBER"": ""R140-Z-R140R00000-133000022"", ""ISSUE_UNIT_CODE"": ""BAG"", ""LAST_ISSUE_DATE_TIME"": null, ""LAST_ISSUE_DATE_TIME_GMT"": null, ""ORGANIZATION_ID"": ""UOR"", ""SITE_ID"": ""UO"", ""SOURCE_SYSTEM_ID"": null, ""OWNER_SYSTEM_ID"": null, ""EXTERNAL_REFERENCE_ID"": null, ""STOCK_CATEGORY_CODE"": null, ""COUNT_FREQUENCY_NUMBER"": 540, ""LEAD_TIME_DAYS_NUMBER"": 0, ""LAST_YEAR_NUMBER"": ""0.0000"", ""TWO_YEARS_AGO_NUMBER"": ""0.0000"", ""THREE_YEARS_AGO_NUMBER"": ""0.0000"", ""YEAR_TO_DATE_NUMBER"": ""0.0000"", ""ITEM_NUMBER"": ""1176"", ""STOREROOM_CODE"": ""MASTER"", ""MAX_LEVEL_NUMBER"": ""0.0000"", ""MIN_LEVEL_NUMBER"": ""0.0000"", ""ECONOMIC_ORDER_QUANTITY_COUNT"": ""1.0000"", ""SENDER_SYSTEM_ID"": null, ""INVENTORY_ID"": 117506, ""STOREROOM_NAME"": null, ""STOREROOM_SITE_ID"": null, ""INTERNAL_FLAG"": 0, ""STATUS_CODE"": ""ACTIVE"", ""STATUS_DATE_TIME"": ""2025-07-20 23:09:39.694000-04:00"", ""STATUS_DATE_TIME_GMT"": ""2025-07-20 23:09:39.694000-04:00"", ""DEFAULT_STAGE_BIN_NUMBER"": null, ""RECEIPT_TOLERANCE_PERCENT_NUMBER"": null, ""REORDER_FLAG"": 1, ""ISSUE_COST_TYPE"": ""AVERAGE"", ""REQUIRES_HARD_RESERVATION_FLAG"": 0, ""CONSIGNMENT_FLAG"": 0, ""INVOICE_GENERATION_TYPE"": null, ""FREQUENCY_NUMBER"": null, ""FREQUENCY_UNITS_TEXT"": null, ""NEXT_INVOICE_DATE"": null, ""CONSIGNMENT_VENDOR"": null, ""COUNT_GROUP_TEXT"": null, ""MINUS_TOLERANCE_COUNT"": null, ""PLUS_TOLERANCE_COUNT"": null, ""IL1_EXTRA_FIELD_TEXT"": null, ""IL2_EXTRA_FIELD_DATE"": null, ""IL3_EXTRA_FIELD_DATE"": null, ""IN19_EXTRA_FIELD_TEXT"": null, ""MININUM_LEVEL_NUMBER_2"": null, ""MINLEVEL_REORDER_NUMBER"": null, ""PART_NUMBER"": null, ""REQUIRE_TYPE"": null, ""BROKEN_PART_REPAIR_LEAD_TIME"": null, ""BROKEN_PART_PRIMAR_VENDOR_TEXT"": null, ""BROKEN_PART_SECONDARY_VENDOR_TEXT"": null, ""COUNTRY_OF_ORIGIN_TEXT"": null, ""HARMONIZED_TARIFF_SYSTEM_CODE"": null, ""UO_LAST_ISSUE_DATE_TIME"": null, ""UO_LAST_ISSUE_DATE_TIME_GMT"": null, ""ROP_MINLEVEL_NUMBER"": null, ""ROP_REQUEST_TYPE"": null, ""ROP_REQUESTOR_TEXT"": null, ""SAP_GLACCOUNT_NUMBER"": null, ""SECONDARY_VENDOR_NAME"": null, ""VENDOR_ID"": ""4003592"", ""DRAWING_NUMBER"": null, ""PO_QR_CODES"": null, ""ROWSTAMP_ID"": 217540642, ""LOAD_DATE_TIME"": ""2025-10-01 23:28:51.324000-04:00"", ""LOAD_DATE_TIME_GMT"": ""2025-10-02 03:28:51.324000+00:00"", ""RECORD_END_DATE_TIME"": null}, {""SOURCE_ID"": 7871340323922476290, ""FILE_ID"": 5089162437293886621, ""RECORD_ID"": 2780, ""ITEM_SET_ID"": ""ITEM1"", ""MANUFACTURER_NAME"": null, ""MODEL_NUMBER"": null, ""ORDER_UNIT_CODE"": ""BAG"", ""SHRINKAGE_GL_ACCOUNT_NUMBER"": ""R140-Z-R140R00000-133000022"", ""SAFETY_STOCK_NUMBER"": null, ""PRIMARY_VENDOR_CODE"": ""4003593"", ""ABC_TYPE_TEXT"": ""C"", ""DEFAULT_BIN_TEXT"": null, ""CATALOG_NUMBER"": null, ""GL_CONTROL_ACCOUNT_NUMBER"": ""R140-Z-R140R00000-133000022"", ""GL_ACCOUNT_NUMBER"": null, ""COST_ADJUSTMENT_GL_ACCOUNT_NUMBER"": ""R140-Z-R140R00000-133000022"", ""ISSUE_UNIT_CODE"": ""BAG"", ""LAST_ISSUE_DATE_TIME"": null, ""LAST_ISSUE_DATE_TIME_GMT"": null, ""ORGANIZATION_ID"": ""UOR"", ""SITE_ID"": ""UO"", ""SOURCE_SYSTEM_ID"": null, ""OWNER_SYSTEM_ID"": null, ""EXTERNAL_REFERENCE_ID"": null, ""STOCK_CATEGORY_CODE"": null, ""COUNT_FREQUENCY_NUMBER"": 540, ""LEAD_TIME_DAYS_NUMBER"": 0, ""LAST_YEAR_NUMBER"": ""0.0000"", ""TWO_YEARS_AGO_NUMBER"": ""0.0000"", ""THREE_YEARS_AGO_NUMBER"": ""0.0000"", ""YEAR_TO_DATE_NUMBER"": ""0.0000"", ""ITEM_NUMBER"": ""1146"", ""STOREROOM_CODE"": ""DOOMSTORE"", ""MAX_LEVEL_NUMBER"": ""0.0000"", ""MIN_LEVEL_NUMBER"": ""0.0000"", ""ECONOMIC_ORDER_QUANTITY_COUNT"": ""1.0000"", ""SENDER_SYSTEM_ID"": null, ""INVENTORY_ID"": 117440, ""STOREROOM_NAME"": null, ""STOREROOM_SITE_ID"": null, ""INTERNAL_FLAG"": 0, ""STATUS_CODE"": ""ACTIVE"", ""STATUS_DATE_TIME"": ""2025-07-14 04:27:17.745000-04:00"", ""STATUS_DATE_TIME_GMT"": ""2025-07-14 04:27:17.745000-04:00"", ""DEFAULT_STAGE_BIN_NUMBER"": null, ""RECEIPT_TOLERANCE_PERCENT_NUMBER"": null, ""REORDER_FLAG"": 1, ""ISSUE_COST_TYPE"": ""AVERAGE"", ""REQUIRES_HARD_RESERVATION_FLAG"": 0, ""CONSIGNMENT_FLAG"": 0, ""INVOICE_GENERATION_TYPE"": null, ""FREQUENCY_NUMBER"": null, ""FREQUENCY_UNITS_TEXT"": null, ""NEXT_INVOICE_DATE"": null, ""CONSIGNMENT_VENDOR"": null, ""COUNT_GROUP_TEXT"": null, ""MINUS_TOLERANCE_COUNT"": null, ""PLUS_TOLERANCE_COUNT"": null, ""IL1_EXTRA_FIELD_TEXT"": null, ""IL2_EXTRA_FIELD_DATE"": null, ""IL3_EXTRA_FIELD_DATE"": null, ""IN19_EXTRA_FIELD_TEXT"": null, ""MININUM_LEVEL_NUMBER_2"": null, ""MINLEVEL_REORDER_NUMBER"": null, ""PART_NUMBER"": null, ""REQUIRE_TYPE"": null, ""BROKEN_PART_REPAIR_LEAD_TIME"": null, ""BROKEN_PART_PRIMAR_VENDOR_TEXT"": null, ""BROKEN_PART_SECONDARY_VENDOR_TEXT"": null, ""COUNTRY_OF_ORIGIN_TEXT"": null, ""HARMONIZED_TARIFF_SYSTEM_CODE"": null, ""UO_LAST_ISSUE_DATE_TIME"": null, ""UO_LAST_ISSUE_DATE_TIME_GMT"": null, ""ROP_MINLEVEL_NUMBER"": null, ""ROP_REQUEST_TYPE"": null, ""ROP_REQUESTOR_TEXT"": null, ""SAP_GLACCOUNT_NUMBER"": null, ""SECONDARY_VENDOR_NAME"": null, ""VENDOR_ID"": ""4003593"", ""DRAWING_NUMBER"": null, ""PO_QR_CODES"": null, ""ROWSTAMP_ID"": 202567265, ""LOAD_DATE_TIME"": ""2025-10-01 23:28:51.324000-04:00"", ""LOAD_DATE_TIME_GMT"": ""2025-10-02 03:28:51.324000+00:00"", ""RECORD_END_DATE_TIME"": null}, {""SOURCE_ID"": 7871340323922476290, ""FILE_ID"": 5089162437293886621, ""RECORD_ID"": 2799, ""ITEM_SET_ID"": ""ITEM1"", ""MANUFACTURER_NAME"": null, ""MODEL_NUMBER"": null, ""ORDER_UNIT_CODE"": ""BAG"", ""SHRINKAGE_GL_ACCOUNT_NUMBER"": ""R140-Z-R140R00000-133000022"", ""SAFETY_STOCK_NUMBER"": null, ""PRIMARY_VENDOR_CODE"": ""4003592"", ""ABC_TYPE_TEXT"": ""C"", ""DEFAULT_BIN_TEXT"": null, ""CATALOG_NUMBER"": null, ""GL_CONTROL_ACCOUNT_NUMBER"": ""R140-Z-R140R00000-133000022"", ""GL_ACCOUNT_NUMBER"": null, ""COST_ADJUSTMENT_GL_ACCOUNT_NUMBER"": ""R140-Z-R140R00000-133000022"", ""ISSUE_UNIT_CODE"": ""BAG"", ""LAST_ISSUE_DATE_TIME"": null, ""LAST_ISSUE_DATE_TIME_GMT"": null, ""ORGANIZATION_ID"": ""UOR"", ""SITE_ID"": ""UO"", ""SOURCE_SYSTEM_ID"": null, ""OWNER_SYSTEM_ID"": null, ""EXTERNAL_REFERENCE_ID"": null, ""STOCK_CATEGORY_CODE"": null, ""COUNT_FREQUENCY_NUMBER"": 540, ""LEAD_TIME_DAYS_NUMBER"": 0, ""LAST_YEAR_NUMBER"": ""0.0000"", ""TWO_YEARS_AGO_NUMBER"": ""0.0000"", ""THREE_YEARS_AGO_NUMBER"": ""0.0000"", ""YEAR_TO_DATE_NUMBER"": ""0.0000"", ""ITEM_NUMBER"": ""1174"", ""STOREROOM_CODE"": ""MASTER"", ""MAX_LEVEL_NUMBER"": ""0.0000"", ""MIN_LEVEL_NUMBER"": ""0.0000"", ""ECONOMIC_ORDER_QUANTITY_COUNT"": ""1.0000"", ""SENDER_SYSTEM_ID"": null, ""INVENTORY_ID"": 117504, ""STOREROOM_NAME"": null, ""STOREROOM_SITE_ID"": null, ""INTERNAL_FLAG"": 0, ""STATUS_CODE"": ""ACTIVE"", ""STATUS_DATE_TIME"": ""2025-07-20 22:37:49.297000-04:00"", ""STATUS_DATE_TIME_GMT"": ""2025-07-20 22:37:49.297000-04:00"", ""DEFAULT_STAGE_BIN_NUMBER"": null, ""RECEIPT_TOLERANCE_PERCENT_NUMBER"": null, ""REORDER_FLAG"": 1, ""ISSUE_COST_TYPE"": ""AVERAGE"", ""REQUIRES_HARD_RESERVATION_FLAG"": 0, ""CONSIGNMENT_FLAG"": 0, ""INVOICE_GENERATION_TYPE"": null, ""FREQUENCY_NUMBER"": null, ""FREQUENCY_UNITS_TEXT"": null, ""NEXT_INVOICE_DATE"": null, ""CONSIGNMENT_VENDOR"": null, ""COUNT_GROUP_TEXT"": null, ""MINUS_TOLERANCE_COUNT"": null, ""PLUS_TOLERANCE_COUNT"": null, ""IL1_EXTRA_FIELD_TEXT"": null, ""IL2_EXTRA_FIELD_DATE"": null, ""IL3_EXTRA_FIELD_DATE"": null, ""IN19_EXTRA_FIELD_TEXT"": null, ""MININUM_LEVEL_NUMBER_2"": null, ""MINLEVEL_REORDER_NUMBER"": null, ""PART_NUMBER"": null, ""REQUIRE_TYPE"": null, ""BROKEN_PART_REPAIR_LEAD_TIME"": null, ""BROKEN_PART_PRIMAR_VENDOR_TEXT"": null, ""BROKEN_PART_SECONDARY_VENDOR_TEXT"": null, ""COUNTRY_OF_ORIGIN_TEXT"": null, ""HARMONIZED_TARIFF_SYSTEM_CODE"": null, ""UO_LAST_ISSUE_DATE_TIME"": null, ""UO_LAST_ISSUE_DATE_TIME_GMT"": null, ""ROP_MINLEVEL_NUMBER"": null, ""ROP_REQUEST_TYPE"": null, ""ROP_REQUESTOR_TEXT"": null, ""SAP_GLACCOUNT_NUMBER"": null, ""SECONDARY_VENDOR_NAME"": null, ""VENDOR_ID"": ""4003592"", ""DRAWING_NUMBER"": null, ""PO_QR_CODES"": null, ""ROWSTAMP_ID"": 217540622, ""LOAD_DATE_TIME"": ""2025-10-01 23:28:51.324000-04:00"", ""LOAD_DATE_TIME_GMT"": ""2025-10-02 03:28:51.324000+00:00"", ""RECORD_END_DATE_TIME"": null}]",,True,DQ_TOOL,BATCH,2026-08-13 10:10:02.440660,2026-08-13 10:10:02.440660
DQ_001,NOT_NULL_CHECK,CF_027,UDX_CORE,UDX_MAXIMO,INVENTORY,ITEM_NUMBER,ITEM_NUMBER IS NOT NULL,0.1,HIGH,5286,0,5286,0.0,PASS,False,2026-08-13 10:10:03.112032,2026-08-13 10:10:03.469642,0,01c65ad8-0620-cee2-0054-6203140fdace,MAXIMO_DEV_WH,SNOWFLAKE,UDX_CORE.UDX_MAXIMO.INVENTORY,[],,True,DQ_TOOL,BATCH,2026-08-13 10:10:03.469642,2026-08-13 10:10:03.469642
DQ_001,NOT_NULL_CHECK,CF_028,UDX_CORE,UDX_MAXIMO,INVENTORY,STOREROOM_CODE,STOREROOM_CODE IS NOT NULL,0.2,HIGH,5286,0,5286,0.0,PASS,False,2026-08-13 10:10:03.844413,2026-08-13 10:10:04.238347,0,01c65ad8-0620-d3a9-0054-6203140fce8a,MAXIMO_DEV_WH,SNOWFLAKE,UDX_CORE.UDX_MAXIMO.INVENTORY,[],,True,DQ_TOOL,BATCH,2026-08-13 10:10:04.238347,2026-08-13 10:10:04.238347
DQ_001,NOT_NULL_CHECK,CF_029,UDX_CORE,UDX_MAXIMO,INVENTORY,ECONOMIC_ORDER_QUANTITY_COUNT,ECONOMIC_ORDER_QUANTITY_COUNT IS NOT NULL,0.1,HIGH,5286,0,5286,0.0,PASS,False,2026-08-13 10:10:04.731451,2026-08-13 10:10:05.090141,0,01c65ad8-0620-d3a9-0054-6203140fce8e,MAXIMO_DEV_WH,SNOWFLAKE,UDX_CORE.UDX_MAXIMO.INVENTORY,[],,True,DQ_TOOL,BATCH,2026-08-13 10:10:05.090141,2026-08-13 10:10:05.090141
DQ_003,RANGE_CHECK,CF_030,UDX_CORE,UDX_MAXIMO,INVENTORY,ECONOMIC_ORDER_QUANTITY_COUNT,ECONOMIC_ORDER_QUANTITY_COUNT BETWEEN 0.0 AND 999999999.0,0.0,HIGH,5286,0,5286,0.0,PASS,False,2026-08-13 10:10:05.445530,2026-08-13 10:10:05.877559,0,01c65ad8-0620-d3a9-0054-6203140fce92,MAXIMO_DEV_WH,SNOWFLAKE,UDX_CORE.UDX_MAXIMO.INVENTORY,[],,True,DQ_TOOL,BATCH,2026-08-13 10:10:05.877559,2026-08-13 10:10:05.877559
DQ_001,NOT_NULL_CHECK,CF_031,UDX_CORE,UDX_MAXIMO,INVENTORY,INVENTORY_ID,INVENTORY_ID IS NOT NULL,0.2,HIGH,5286,0,5286,0.0,PASS,False,2026-08-13 10:10:06.252022,2026-08-13 10:10:06.606225,0,01c65ad8-0620-cee2-0054-6203140fdade,MAXIMO_DEV_WH,SNOWFLAKE,UDX_CORE.UDX_MAXIMO.INVENTORY,[],,True,DQ_TOOL,BATCH,2026-08-13 10:10:06.606225,2026-08-13 10:10:06.606225
DQ_004,MIN_LENGTH_CHECK,CF_032,UDX_CORE,UDX_MAXIMO,INVENTORY,INVENTORY_ID,LENGTH(INVENTORY_ID) >= 3,0.0,HIGH,5286,0,5286,0.0,PASS,False,2026-08-13 10:10:06.964210,2026-08-13 10:10:07.347623,0,01c65ad8-0620-cd60-0054-6203140fbe4e,MAXIMO_DEV_WH,SNOWFLAKE,UDX_CORE.UDX_MAXIMO.INVENTORY,[],,True,DQ_TOOL,BATCH,2026-08-13 10:10:07.347623,2026-08-13 10:10:07.347623
DQ_001,NOT_NULL_CHECK,CF_033,UDX_CORE,UDX_MAXIMO,INVENTORY,STATUS_CODE,STATUS_CODE IS NOT NULL,0.2,HIGH,5286,0,5286,0.0,PASS,False,2026-08-13 10:10:07.737677,2026-08-13 10:10:08.113673,0,01c65ad8-0620-cd60-0054-6203140fbe52,MAXIMO_DEV_WH,SNOWFLAKE,UDX_CORE.UDX_MAXIMO.INVENTORY,[],,True,DQ_TOOL,BATCH,2026-08-13 10:10:08.113673,2026-08-13 10:10:08.113673
DQ_006,VALID_VALUE_CHECK,CF_034,UDX_CORE,UDX_MAXIMO,INVENTORY,STATUS_CODE,STATUS_CODE IN (ACTIVE),0.0,HIGH,5286,0,5286,0.0,PASS,False,2026-08-13 10:10:08.488179,2026-08-13 10:10:09.493136,1,01c65ad8-0620-cee2-0054-6203140fdaea,MAXIMO_DEV_WH,SNOWFLAKE,UDX_CORE.UDX_MAXIMO.INVENTORY,[],,True,DQ_TOOL,BATCH,2026-08-13 10:10:09.493136,2026-08-13 10:10:09.493136
DQ_001,NOT_NULL_CHECK,CF_035,UDX_CORE,UDX_MAXIMO,INVENTORY,ISSUE_COST_TYPE,ISSUE_COST_TYPE IS NOT NULL,0.2,HIGH,5286,0,5286,0.0,PASS,False,2026-08-13 10:10:09.846349,2026-08-13 10:10:10.214,0,01c65ad8-0620-d3a9-0054-6203140fce9a,MAXIMO_DEV_WH,SNOWFLAKE,UDX_CORE.UDX_MAXIMO.INVENTORY,[],,True,DQ_TOOL,BATCH,2026-08-13 10:10:10.214,2026-08-13 10:10:10.214
DQ_006,VALID_VALUE_CHECK,CF_036,UDX_CORE,UDX_MAXIMO,INVENTORY,ISSUE_COST_TYPE,"ISSUE_COST_TYPE IN (AVERAGE,ASSET)",0.0,HIGH,5286,0,5286,0.0,PASS,False,2026-08-13 10:10:10.582061,2026-08-13 10:10:10.951089,0,01c65ad8-0620-cee2-0054-6203140fdafe,MAXIMO_DEV_WH,SNOWFLAKE,UDX_CORE.UDX_MAXIMO.INVENTORY,[],,True,DQ_TOOL,BATCH,2026-08-13 10:10:10.951089,2026-08-13 10:10:10.951089
DQ_002,UNIQUE_CHECK,CF_037,UDX_CORE,UDX_MAXIMO,INVENTORY,"INVENTORY_ID,STATUS_DATE_TIME","Duplicate Check Across ['INVENTORY_ID', 'STATUS_DATE_TIME']",0.0,HIGH,5286,0,5286,0.0,PASS,False,2026-08-13 10:10:11.319167,2026-08-13 10:10:12.026636,0,01c65ad8-0620-d3a9-0054-6203140fce9e,MAXIMO_DEV_WH,SNOWFLAKE,UDX_CORE.UDX_MAXIMO.INVENTORY,[],,True,DQ_TOOL,BATCH,2026-08-13 10:10:12.026636,2026-08-13 10:10:12.026636
